1_900_1_0.78, 0.78125
2_7_1_2.00, 2.0
3_250_1_0.62, 0.62
5_601_1_0.69, 0.6875
7_202_1_0.63, 0.628906
8_18_1_2.00, 2.0
9_601_1_0.69, 0.691406
10_601_1_0.92, 0.919922
11_7_1_2.00, 2.0
12_601_1_0.65, 0.652344
13_400_1_0.68, 0.683594
14_8_1_2.00, 2.0
15_203_1_0.58, 0.582031
16_201_1_0.66, 0.658203
17_601_1_0.66, 0.662109
18_6_1_2.00, 2.0
20_7_1_2.00, 2.0
21_4_1_2.00, 2.0
22_601_1_0.75, 0.746094
23_4_1_2.00, 2.0
24_601_1_0.80, 0.800781
25_300_1_0.77, 0.765625
26_600_1_0.66, 0.65625
27_250_1_0.62, 0.62
28_601_1_0.60, 0.603516
29_601_1_0.71, 0.708984
30_601_1_0.56, 0.560547
31_351_1_0.57, 0.568359
32_601_1_0.64, 0.638672
33_202_1_0.71, 0.708984
34_601_1_0.72, 0.722656
35_4_1_2.00, 2.0
36_202_1_0.62, 0.625
37_601_1_0.78, 0.779297
38_601_1_0.62, 0.625
39_202_1_0.60, 0.601562
40_601_1_0.73, 0.734375
41_605_1_0.86, 0.857422
42_6_1_2.00, 2.0
43_7_1_2.00, 2.0
44_601_1_0.65, 0.654297
45_601_1_0.75, 0.753906
46_7_1_2.00, 2.0
47_5_1_2.00, 2.0
48_601_1_0.67, 0.673828
49_7_1_2.00, 2.0
50_250_1_0.62, 0.62
52_402_1_0.79, 0.789062
53_7_1_2.00, 2.0
54_7_1_2.00, 2.0
55_601_1_0.67, 0.666016
56_104_1_0.62, 0.621094
57_6_1_2.00, 2.0
58_601_1_0.69, 0.689453
59_601_1_0.78, 0.78125
60_601_1_0.69, 0.685547
61_602_1_0.77, 0.767578
62_601_1_0.57, 0.568359
63_201_1_0.54, 0.544922
64_601_1_0.79, 0.792969
65_1250_1_1.00, 1.0
66_6_1_2.00, 2.0
67_201_1_0.73, 0.734375
68_301_1_0.62, 0.617188
70_301_1_0.69, 0.685547
71_201_1_0.62, 0.625
72_601_1_0.65, 0.650391
73_251_1_0.62, 0.625
74_601_1_0.62, 0.625
75_203_1_0.61, 0.611328
77_601_1_0.59, 0.591797
78_202_1_0.62, 0.621094
79_6_1_2.00, 2.0
80_202_1_0.70, 0.699219
81_601_1_0.75, 0.746094
82_203_1_0.68, 0.683594
83_601_1_0.62, 0.625
84_301_1_0.61, 0.605469
85_301_1_0.66, 0.65625
86_202_1_0.62, 0.625
87_301_1_0.78, 0.783203
89_601_1_0.68, 0.683594
90_601_1_0.71, 0.710938
91_202_1_0.66, 0.662109
92_601_1_0.62, 0.625
93_601_1_0.62, 0.625
94_202_1_0.69, 0.691406
95_601_1_0.77, 0.771484
96_7_1_2.00, 2.0
97_601_1_0.77, 0.767578
98_601_1_0.62, 0.625
99_601_1_0.71, 0.710938
100_601_1_0.60, 0.597656
101_301_1_0.69, 0.685547
102_250_1_0.62, 0.62
103_251_1_0.62, 0.625
104_601_1_0.61, 0.605469
105_601_1_0.77, 0.773438
106_104_1_0.77, 0.767578
107_202_1_0.58, 0.582031
108_201_1_0.55, 0.548828
109_103_1_0.54, 0.537109
110_601_1_1.25, 1.25
111_601_1_0.68, 0.683594
112_601_1_0.72, 0.724609
113_601_1_0.75, 0.746094
114_601_1_0.62, 0.625
115_6_1_2.00, 2.0
116_601_1_0.59, 0.587891
117_301_1_0.80, 0.8
118_203_1_0.59, 0.585938
119_4_1_2.00, 2.0
121_601_1_0.74, 0.738281
122_10_1_2.00, 2.0
123_8_1_2.00, 2.0
124_601_1_0.72, 0.71875
125_601_1_0.69, 0.685547
126_303_1_0.40, 0.403671
127_601_1_0.62, 0.625
128_6_1_2.00, 2.0
129_7_1_2.00, 2.0
130_202_1_0.62, 0.615234
131_601_1_0.82, 0.820312
132_601_1_0.69, 0.6875
134_201_1_0.91, 0.908203
135_251_1_0.62, 0.625
136_6_1_2.00, 2.0
137_8_1_2.00, 2.0
139_601_1_0.64, 0.636719
140_7_1_2.00, 2.0
141_251_1_0.62, 0.62
142_601_1_0.71, 0.710938
143_601_1_0.77, 0.765625
144_6_1_2.00, 2.0
145_601_1_0.73, 0.734375
147_4_1_2.00, 2.0
148_6_1_2.00, 2.0
150_601_1_0.72, 0.720703
151_601_1_0.74, 0.742188
153_301_1_0.74, 0.738281
155_301_1_1.25, 1.25
156_201_1_0.65, 0.652344
157_2_1_2.00, 2.0
158_250_1_0.80, 0.8
159_605_1_0.68, 0.683594
160_4_1_2.00, 2.0
161_6_1_2.00, 2.0
162_301_1_0.66, 0.65625
163_601_1_0.69, 0.693359
164_6_1_2.00, 2.0
165_202_1_0.59, 0.591797
166_601_1_0.69, 0.689453
167_605_1_0.68, 0.683594
168_251_1_0.78, 0.78125
169_202_1_0.62, 0.625
170_203_1_0.62, 0.625
171_3_1_2.00, 2.0
173_601_1_0.59, 0.59375
174_601_1_0.66, 0.664062
175_601_1_0.71, 0.705078
176_601_1_0.70, 0.699219
177_8_1_2.00, 2.0
178_605_1_0.98, 0.976562
179_601_1_0.68, 0.683594
180_601_1_0.64, 0.644531
181_605_1_0.75, 0.751953
182_8_1_2.00, 2.0
183_300_1_0.91, 0.910156
185_851_1_1.00, 1.0
186_601_1_0.70, 0.697266
187_601_1_0.66, 0.658203
188_7_1_2.00, 2.0
189_300_1_0.61, 0.605469
190_601_1_0.63, 0.626953
191_601_1_0.69, 0.685547
192_4_1_2.00, 2.0
193_4_1_2.00, 2.0
194_301_1_0.56, 0.558594
195_202_1_0.57, 0.572266
196_601_1_0.68, 0.677734
197_7_1_2.00, 2.0
198_202_1_0.80, 0.8
199_300_1_0.80, 0.796875
200_601_1_0.79, 0.791016
201_601_1_0.82, 0.820312
202_203_1_0.57, 0.570312
203_201_1_0.71, 0.707031
204_5_1_2.00, 2.0
205_300_1_0.87, 0.871094
209_4_1_2.00, 2.0
211_601_1_0.69, 0.693359
212_601_1_0.62, 0.625
213_601_1_0.62, 0.625
214_202_1_0.75, 0.753906
215_7_1_2.00, 2.0
217_203_1_0.74, 0.742188
218_5_1_2.00, 2.0
219_7_1_2.00, 2.0
220_300_1_0.60, 0.603516
221_6_1_2.00, 2.0
222_601_1_0.75, 0.748047
223_251_1_0.80, 0.8
225_8_1_2.00, 2.0
226_301_1_0.73, 0.730469
227_601_1_0.51, 0.507812
228_6_1_2.00, 2.0
229_601_1_0.62, 0.625
230_601_1_0.72, 0.720703
231_202_1_0.74, 0.744141
232_609_1_0.64, 0.640625
233_601_1_0.69, 0.689453
234_601_1_0.69, 0.693359
235_601_1_0.68, 0.681641
236_203_1_0.70, 0.703125
237_6_1_2.00, 2.0
238_301_1_0.61, 0.613281
239_601_1_0.63, 0.628906
240_601_1_0.89, 0.890625
241_601_1_0.83, 0.833984
242_601_1_0.66, 0.664062
243_7_1_2.00, 2.0
245_605_1_0.77, 0.769531
246_223_1_0.62, 0.625
247_601_1_0.53, 0.53125
248_300_1_0.65, 0.652344
249_301_1_0.57, 0.574219
250_601_1_0.66, 0.658203
252_201_1_0.65, 0.648438
253_252_1_0.62, 0.62
254_202_1_0.56, 0.560547
256_601_1_0.69, 0.6875
257_601_1_0.60, 0.597656
258_601_1_0.63, 0.632812
259_601_1_0.74, 0.738281
260_601_1_0.71, 0.712891
261_601_1_0.79, 0.789062
262_302_1_0.44, 0.443902
263_601_1_0.63, 0.626953
264_601_1_0.72, 0.71875
265_203_1_0.62, 0.625
266_6_1_2.00, 2.0
267_7_1_2.00, 2.0
268_601_1_0.82, 0.822266
269_601_1_0.72, 0.71875
270_250_1_0.62, 0.625
272_201_1_0.89, 0.888672
273_202_1_0.50, 0.5
274_9_1_2.00, 2.0
275_203_1_0.74, 0.740234
276_202_1_0.66, 0.664062
277_406_1_1.00, 1.0
278_201_1_0.62, 0.625
279_501_1_0.75, 0.753906
280_201_1_0.66, 0.660156
281_601_1_0.59, 0.585938
282_601_1_0.75, 0.746094
283_12_1_2.00, 2.0
284_202_1_0.80, 0.8
285_601_1_0.66, 0.658203
286_601_1_0.78, 0.78125
287_601_1_0.73, 0.732422
288_601_1_0.78, 0.78125
290_301_1_0.62, 0.62
291_601_1_0.62, 0.625
292_8_1_2.00, 2.0
293_6_1_2.00, 2.0
294_301_1_0.60, 0.603516
296_4_1_2.00, 2.0
297_601_1_0.76, 0.759766
298_601_1_0.62, 0.615234
299_252_1_0.62, 0.62
300_202_1_0.80, 0.8
301_601_1_0.75, 0.748047
302_601_1_0.63, 0.628906
303_6_1_2.00, 2.0
304_601_1_0.64, 0.644531
305_601_1_0.69, 0.685547
306_250_1_0.62, 0.62
307_601_1_0.62, 0.625
308_201_1_0.66, 0.664062
309_10_1_2.00, 2.0
310_601_1_0.70, 0.703125
312_6_1_2.00, 2.0
313_604_1_0.72, 0.720703
314_400_1_0.66, 0.660156
316_7_1_2.00, 2.0
317_601_1_0.71, 0.707031
318_8_1_2.00, 2.0
319_4_1_2.00, 2.0
320_601_1_0.79, 0.794922
321_6_1_2.00, 2.0
322_601_1_0.59, 0.591797
323_601_1_0.72, 0.720703
324_202_1_0.60, 0.603516
325_601_1_0.71, 0.707031
326_601_1_0.77, 0.771484
327_601_1_0.61, 0.611328
328_601_1_0.77, 0.773438
329_601_1_0.76, 0.761719
330_601_1_0.53, 0.525391
331_251_1_0.80, 0.8
332_104_1_0.88, 0.878906
333_303_1_0.59, 0.585938
334_301_1_0.74, 0.740234
335_250_1_0.62, 0.62
336_601_1_0.65, 0.650391
337_601_1_0.62, 0.625
340_301_1_0.68, 0.679688
341_5_1_2.00, 2.0
342_4_1_2.00, 2.0
343_601_1_0.71, 0.708984
344_202_1_0.67, 0.671875
345_203_1_0.64, 0.642578
346_601_1_0.67, 0.671875
347_601_1_0.55, 0.550781
348_5_1_2.00, 2.0
349_601_1_0.55, 0.550781
351_601_1_0.67, 0.666016
352_601_1_0.69, 0.693359
354_250_1_0.80, 0.8
355_601_1_0.56, 0.558594
356_605_1_0.70, 0.703125
358_601_1_0.61, 0.605469
359_6_1_2.00, 2.0
360_601_1_0.62, 0.625
361_601_1_0.69, 0.693359
362_201_1_0.65, 0.646484
363_601_1_0.62, 0.625
364_601_1_0.69, 0.691406
365_601_1_0.75, 0.751953
366_8_1_2.00, 2.0
368_350_1_1.25, 1.25
369_104_1_0.74, 0.740234
371_6_1_2.00, 2.0
372_601_1_0.79, 0.792969
373_8_1_2.00, 2.0
374_601_1_0.79, 0.792969
375_601_1_0.66, 0.658203
376_601_1_0.69, 0.693359
377_601_1_0.79, 0.794922
378_203_1_0.65, 0.652344
379_7_1_2.00, 2.0
380_601_1_0.62, 0.621094
381_601_1_0.93, 0.927734
382_4_1_2.00, 2.0
384_601_1_0.78, 0.78125
385_601_1_0.72, 0.722656
386_202_1_0.62, 0.625
387_601_1_0.63, 0.630859
388_202_1_0.69, 0.685547
389_202_1_0.63, 0.634766
390_601_1_0.73, 0.730469
391_601_1_0.77, 0.769531
392_7_1_2.00, 2.0
393_601_1_0.62, 0.625
394_8_1_2.00, 2.0
395_6_1_2.00, 2.0
396_7_1_2.00, 2.0
397_6_1_2.00, 2.0
398_301_1_0.67, 0.669922
399_204_1_0.79, 0.794922
402_601_1_0.72, 0.71875
403_601_1_0.78, 0.78125
404_601_1_0.76, 0.759766
405_300_1_0.75, 0.75
406_202_1_0.62, 0.625
407_900_1_0.68, 0.677734
409_300_1_0.66, 0.664062
410_302_1_0.65, 0.646484
412_601_1_0.62, 0.625
413_601_1_0.74, 0.740234
414_301_1_0.70, 0.695312
416_105_1_0.80, 0.8
417_601_1_0.65, 0.652344
418_601_1_0.59, 0.591797
419_250_1_0.74, 0.742188
420_601_1_0.62, 0.625
421_203_1_0.68, 0.677734
422_202_1_0.62, 0.625
423_8_1_2.00, 2.0
424_301_1_0.75, 0.75
425_601_1_0.58, 0.583984
426_202_1_0.57, 0.568359
427_201_1_0.59, 0.589844
428_4_1_2.00, 2.0
429_203_1_0.62, 0.62
430_601_1_2.00, 2.0
432_601_1_0.74, 0.744141
433_4_1_2.00, 2.0
434_601_1_0.82, 0.822266
435_201_1_0.77, 0.769531
436_601_1_0.88, 0.876953
437_601_1_0.65, 0.648438
438_601_1_0.63, 0.626953
440_300_1_0.89, 0.892578
441_9_1_2.00, 2.0
442_601_1_0.58, 0.580078
443_301_1_0.59, 0.59375
444_202_1_0.59, 0.585938
445_300_1_0.77, 0.765625
446_601_1_0.62, 0.617188
447_250_1_0.62, 0.62
448_700_1_0.39, 0.390625
449_202_1_0.58, 0.582031
450_601_1_0.78, 0.78125
451_601_1_0.59, 0.585938
452_601_1_0.73, 0.726562
453_7_1_2.00, 2.0
454_301_1_0.63, 0.628906
455_4_1_2.00, 2.0
456_202_1_0.62, 0.625
457_601_1_0.62, 0.625
458_300_1_0.66, 0.65625
459_8_1_2.00, 2.0
460_601_1_0.68, 0.677734
461_601_1_0.63, 0.630859
462_601_1_0.63, 0.626953
464_202_1_0.62, 0.625
465_300_1_0.71, 0.714844
466_601_1_0.74, 0.738281
467_202_1_0.78, 0.777344
468_601_1_0.83, 0.832031
469_202_1_0.58, 0.578125
470_8_1_2.00, 2.0
471_6_1_2.00, 2.0
472_601_1_0.68, 0.679688
473_601_1_0.73, 0.732422
474_601_1_0.80, 0.796875
475_6_1_2.00, 2.0
476_605_1_0.74, 0.742188
478_5_1_2.00, 2.0
479_203_1_0.62, 0.625
480_8_1_2.00, 2.0
481_601_1_0.68, 0.677734
482_601_1_0.82, 0.816406
484_601_1_0.83, 0.826172
485_601_1_0.65, 0.650391
486_602_1_0.75, 0.753906
487_601_1_0.79, 0.789062
488_601_1_0.71, 0.712891
489_202_1_0.72, 0.720703
490_900_1_0.75, 0.75
491_201_1_0.58, 0.580078
492_601_1_0.77, 0.767578
493_201_1_0.70, 0.703125
494_601_1_0.64, 0.638672
495_601_1_0.69, 0.689453
496_6_1_2.00, 2.0
497_4_1_2.00, 2.0
498_301_1_0.74, 0.736328
499_601_1_2.00, 2.0
500_601_1_0.70, 0.703125
502_202_1_0.80, 0.8
503_601_1_0.65, 0.654297
504_250_1_0.62, 0.62
505_301_1_0.70, 0.703125
506_601_1_0.65, 0.648438
507_601_1_0.62, 0.625
508_7_1_2.00, 2.0
509_601_1_0.67, 0.667969
510_4_1_2.00, 2.0
511_250_1_0.62, 0.625
513_6_1_2.00, 2.0
514_11_1_2.00, 2.0
515_250_1_0.80, 0.8
516_601_1_0.71, 0.705078
517_601_1_0.68, 0.675781
518_601_1_0.62, 0.621094
519_202_1_0.64, 0.636719
520_601_1_0.62, 0.625
521_601_1_0.61, 0.613281
522_250_1_0.62, 0.62
523_601_1_0.80, 0.802734
524_2_1_2.00, 2.0
525_601_1_0.65, 0.652344
527_201_1_0.66, 0.664062
528_601_1_0.57, 0.568359
530_601_1_0.66, 0.660156
531_601_1_0.68, 0.681641
532_601_1_0.81, 0.810547
533_202_1_0.76, 0.755859
534_7_1_2.00, 2.0
535_201_1_0.65, 0.654297
536_201_1_0.68, 0.683594
537_452_1_1.25, 1.25
538_253_1_0.62, 0.62
539_601_1_0.62, 0.625
540_601_1_0.82, 0.818359
541_601_1_0.54, 0.544922
542_201_1_0.65, 0.652344
543_605_1_0.80, 0.804688
544_601_1_0.66, 0.664062
545_8_1_2.00, 2.0
546_13_1_2.00, 2.0
547_202_1_0.68, 0.683594
548_601_1_0.71, 0.712891
549_601_1_0.62, 0.625
550_201_1_0.66, 0.65625
551_601_1_0.63, 0.634766
553_601_1_0.70, 0.703125
554_601_1_0.78, 0.783203
555_601_1_0.78, 0.777344
556_601_1_0.65, 0.652344
557_202_1_0.62, 0.625
558_601_1_0.75, 0.748047
559_202_1_0.65, 0.650391
560_303_1_0.72, 0.722656
561_201_1_0.67, 0.667969
562_7_1_2.00, 2.0
563_203_1_0.70, 0.699219
564_601_1_0.62, 0.625
565_601_1_0.60, 0.601562
566_601_1_0.72, 0.71875
567_257_1_0.62, 0.625
568_601_1_0.89, 0.890625
569_7_1_2.00, 2.0
571_601_1_0.67, 0.667969
573_601_1_0.62, 0.625
574_201_1_0.60, 0.595703
575_6_1_2.00, 2.0
576_203_1_0.62, 0.625
577_202_1_0.62, 0.619141
578_601_1_0.62, 0.625
580_7_1_2.00, 2.0
581_601_1_0.62, 0.625
582_601_1_0.68, 0.675781
583_203_1_0.68, 0.677734
584_601_1_0.75, 0.75
585_601_1_0.78, 0.777344
586_204_1_0.57, 0.574219
587_601_1_0.58, 0.578125
588_601_1_0.66, 0.664062
589_601_1_0.58, 0.576172
590_601_1_0.69, 0.685547
591_250_1_0.62, 0.62
593_202_1_0.76, 0.761719
594_601_1_0.68, 0.675781
595_605_1_0.68, 0.675781
596_202_1_0.74, 0.744141
597_301_1_0.68, 0.679688
598_601_1_0.58, 0.576172
599_601_1_0.61, 0.613281
600_301_1_0.61, 0.609375
601_601_1_0.61, 0.605469
602_7_1_2.00, 2.0
603_4_1_2.00, 2.0
605_202_1_0.62, 0.625
606_601_1_0.72, 0.71875
607_402_1_0.32, 0.320312
608_202_1_0.61, 0.613281
610_250_1_0.62, 0.62
611_301_1_0.70, 0.697266
612_7_1_2.00, 2.0
613_7_1_2.00, 2.0
615_4_1_2.00, 2.0
617_601_1_0.62, 0.621094
618_7_1_2.00, 2.0
619_601_1_0.68, 0.683594
620_203_1_0.62, 0.625
621_601_1_0.62, 0.625
622_601_1_0.70, 0.703125
623_203_1_0.65, 0.654297
624_250_1_0.62, 0.62
625_601_1_1.25, 1.25
626_601_1_0.63, 0.630859
627_601_1_0.74, 0.740234
628_7_1_2.00, 2.0
630_601_1_0.62, 0.625
631_202_1_0.80, 0.8
632_7_1_2.00, 2.0
633_301_1_1.25, 1.25
634_202_1_0.69, 0.693359
635_6_1_2.00, 2.0
636_202_1_0.67, 0.673828
637_601_1_0.69, 0.689453
638_601_1_0.65, 0.650391
639_15_1_2.00, 2.0
640_7_1_2.00, 2.0
641_4_1_2.00, 2.0
642_601_1_0.55, 0.546875
643_601_1_0.62, 0.625
644_202_1_0.58, 0.578125
645_202_1_0.74, 0.736328
646_601_1_0.70, 0.697266
647_601_1_0.68, 0.679688
648_605_1_0.72, 0.724609
649_601_1_0.62, 0.621094
650_601_1_0.68, 0.679688
651_601_1_0.77, 0.767578
652_202_1_0.62, 0.625
653_401_1_0.62, 0.625
654_601_1_0.62, 0.625
656_5_1_2.00, 2.0
657_202_1_0.62, 0.625
659_204_1_0.57, 0.566406
660_202_1_0.59, 0.585938
661_202_1_0.72, 0.722656
662_251_1_0.80, 0.8
663_601_1_0.62, 0.625
664_201_1_0.65, 0.654297
665_601_1_0.70, 0.703125
666_7_1_2.00, 2.0
667_301_1_0.61, 0.605469
668_202_1_0.58, 0.583984
669_202_1_0.62, 0.625
670_601_1_0.63, 0.626953
671_10_1_2.00, 2.0
672_601_1_0.67, 0.666016
673_601_1_0.76, 0.763672
674_301_1_0.68, 0.679688
675_601_1_0.98, 0.976562
676_601_1_0.59, 0.585938
677_6_1_2.00, 2.0
679_10_1_0.50, 0.5
680_601_1_0.75, 0.75
682_601_1_0.71, 0.707031
683_104_1_0.80, 0.8
684_301_1_0.68, 0.681641
685_8_1_2.00, 2.0
686_601_1_0.62, 0.625
687_201_1_0.67, 0.673828
688_601_1_0.62, 0.625
689_601_1_0.72, 0.716797
690_4_1_2.00, 2.0
691_601_1_0.67, 0.667969
692_251_1_0.62, 0.62
693_4_1_2.00, 2.0
694_202_1_0.59, 0.585938
695_202_1_0.78, 0.783203
696_8_1_2.00, 2.0
697_203_1_0.59, 0.589844
699_300_1_0.79, 0.791016
700_301_1_0.53, 0.527344
701_202_1_0.65, 0.646484
702_601_1_0.65, 0.650391
703_601_1_0.76, 0.755859
704_4_1_2.00, 2.0
706_4_1_2.00, 2.0
707_250_1_0.80, 0.8
708_601_1_0.78, 0.777344
710_250_1_0.62, 0.625
711_601_1_0.77, 0.765625
712_601_1_0.61, 0.609375
714_601_1_0.69, 0.691406
715_302_1_0.62, 0.625
716_601_1_0.62, 0.625
718_601_1_0.62, 0.625
719_202_1_0.62, 0.625
720_202_1_0.63, 0.630859
721_8_1_2.00, 2.0
722_202_1_0.62, 0.623047
723_601_1_0.67, 0.673828
724_202_1_0.70, 0.703125
725_601_1_0.68, 0.681641
726_601_1_0.62, 0.625
727_301_1_0.64, 0.640625
729_601_1_0.67, 0.671875
730_201_1_0.72, 0.71875
731_7_1_2.00, 2.0
732_301_1_0.53, 0.527344
733_601_1_0.59, 0.587891
734_251_1_0.62, 0.625
736_4_1_2.00, 2.0
737_601_1_0.59, 0.59375
738_202_1_0.50, 0.5
739_201_1_0.75, 0.746094
741_601_1_0.71, 0.710938
742_601_1_0.67, 0.671875
743_6_1_2.00, 2.0
745_601_1_0.76, 0.755859
746_601_1_0.68, 0.677734
747_9_1_2.00, 2.0
748_301_1_1.25, 1.25
749_601_1_0.64, 0.638672
750_601_1_0.59, 0.587891
751_6_1_2.00, 2.0
752_6_1_2.00, 2.0
753_601_1_0.66, 0.658203
754_202_1_0.70, 0.699219
756_601_1_0.58, 0.578125
757_601_1_0.62, 0.625
758_201_1_0.57, 0.574219
759_601_1_0.62, 0.625
760_601_1_0.79, 0.791016
763_6_1_2.00, 2.0
764_601_1_0.68, 0.675781
765_202_1_0.62, 0.625
766_601_1_0.66, 0.664062
767_250_1_0.80, 0.8
768_601_1_0.62, 0.615234
769_300_1_0.88, 0.875
770_6_1_2.00, 2.0
771_5_1_2.00, 2.0
772_7_1_2.00, 2.0
774_601_1_0.69, 0.689453
775_301_1_0.64, 0.640625
776_300_1_0.62, 0.625
777_601_1_0.73, 0.732422
778_6_1_2.00, 2.0
779_6_1_2.00, 2.0
780_251_1_0.80, 0.8
782_4_1_2.00, 2.0
783_605_1_0.78, 0.78125
784_601_1_0.62, 0.625
785_601_1_0.63, 0.630859
786_601_1_0.69, 0.689453
787_201_1_0.64, 0.642578
788_601_1_0.63, 0.630859
790_601_1_0.64, 0.636719
791_601_1_0.74, 0.742188
792_202_1_0.59, 0.589844
793_250_1_1.25, 1.25
794_10_1_2.00, 2.0
795_4_1_2.00, 2.0
796_6_1_2.00, 2.0
797_301_1_0.67, 0.667969
798_301_1_0.65, 0.652344
799_601_1_0.61, 0.609375
800_201_1_0.78, 0.779297
801_601_1_0.67, 0.671875
802_601_1_0.84, 0.84375
803_6_1_2.00, 2.0
804_601_1_0.74, 0.742188
805_601_1_0.65, 0.648438
806_601_1_0.62, 0.625
807_601_1_0.68, 0.675781
808_601_1_0.62, 0.623047
809_202_1_0.62, 0.623047
810_352_1_1.25, 1.25
811_601_1_0.79, 0.794922
812_605_1_0.66, 0.658203
813_601_1_0.75, 0.746094
814_601_1_0.67, 0.673828
815_601_1_0.93, 0.933594
816_203_1_0.69, 0.689453
817_601_1_0.71, 0.707031
818_301_1_0.73, 0.730469
819_601_1_0.76, 0.755859
820_250_1_0.80, 0.8
822_601_1_0.69, 0.693359
823_203_1_0.59, 0.585938
824_605_1_0.87, 0.869141
825_252_1_0.80, 0.8
826_401_1_0.53, 0.525391
827_601_1_0.70, 0.699219
828_105_1_0.69, 0.6875
829_6_1_2.00, 2.0
830_601_1_0.83, 0.826172
831_203_1_0.62, 0.62
832_7_1_2.00, 2.0
833_201_1_0.63, 0.632812
835_4_1_2.00, 2.0
837_601_1_0.62, 0.625
838_400_1_0.98, 0.976562
839_300_1_0.72, 0.724609
840_6_1_2.00, 2.0
842_202_1_0.65, 0.652344
843_601_1_0.67, 0.666016
844_601_1_0.69, 0.693359
846_8_1_2.00, 2.0
848_601_1_0.77, 0.769531
849_7_1_2.00, 2.0
850_300_1_0.77, 0.767578
853_605_1_0.57, 0.568359
856_201_1_0.74, 0.740234
857_601_1_0.66, 0.65625
858_6_1_2.00, 2.0
859_601_1_0.62, 0.625
860_202_1_0.74, 0.736328
861_4_1_2.00, 2.0
862_601_1_0.62, 0.625
864_202_1_0.70, 0.699219
865_202_1_0.62, 0.62
866_601_1_0.73, 0.730469
867_601_1_0.62, 0.625
868_9_1_2.00, 2.0
870_250_1_0.62, 0.625
872_7_1_2.00, 2.0
873_601_1_0.62, 0.625
874_202_1_0.60, 0.599609
875_601_1_0.62, 0.625
877_202_1_0.66, 0.65625
878_601_1_0.64, 0.636719
879_601_1_0.76, 0.763672
880_601_1_0.75, 0.753906
881_605_1_0.70, 0.703125
882_202_1_0.80, 0.8
883_202_1_0.58, 0.576172
884_601_1_0.62, 0.625
885_204_1_0.61, 0.613281
886_605_1_0.87, 0.867188
887_4_1_2.00, 2.0
888_601_1_0.62, 0.625
889_601_1_0.64, 0.642578
890_601_1_0.74, 0.740234
891_8_1_2.00, 2.0
892_201_1_0.55, 0.548828
893_104_1_0.70, 0.703125
894_5_1_2.00, 2.0
895_601_1_0.65, 0.654297
896_4_1_2.00, 2.0
897_202_1_0.70, 0.697266
898_7_1_2.00, 2.0
899_601_1_0.74, 0.738281
900_601_1_0.69, 0.685547
901_4_1_2.00, 2.0
902_601_1_0.67, 0.673828
903_250_1_0.80, 0.8
904_301_1_0.69, 0.685547
906_301_1_1.25, 1.25
907_251_1_0.80, 0.8
908_338_1_1.25, 1.25
909_601_1_0.75, 0.751953
911_601_1_0.68, 0.677734
912_601_1_0.64, 0.636719
913_7_1_2.00, 2.0
914_7_1_2.00, 2.0
915_300_1_0.59, 0.591797
916_201_1_0.81, 0.810547
917_601_1_0.64, 0.642578
918_9_1_2.00, 2.0
919_550_1_1.00, 1.0
920_7_1_2.00, 2.0
921_601_1_0.66, 0.664062
922_601_1_0.62, 0.625
923_601_1_0.67, 0.671875
924_201_1_0.76, 0.761719
925_601_1_0.78, 0.775391
926_601_1_0.69, 0.693359
929_301_1_0.67, 0.667969
930_301_1_0.64, 0.636719
931_201_1_0.70, 0.703125
932_301_1_0.59, 0.587891
933_108_1_0.89, 0.894531
934_601_1_0.62, 0.625
935_202_1_0.65, 0.652344
936_251_1_0.62, 0.625
938_601_1_0.85, 0.849609
939_601_1_0.81, 0.808594
940_7_1_2.00, 2.0
941_4_1_2.00, 2.0
942_7_1_2.00, 2.0
943_604_1_0.64, 0.644531
944_601_1_0.56, 0.558594
945_601_1_0.70, 0.703125
946_301_1_0.98, 0.976562
947_6_1_2.00, 2.0
948_601_1_0.60, 0.601562
949_4_1_2.00, 2.0
950_302_1_0.76, 0.755859
951_601_1_0.78, 0.78125
952_601_1_0.71, 0.708984
953_6_1_2.00, 2.0
954_202_1_0.61, 0.605469
955_601_1_0.78, 0.783203
956_601_1_0.72, 0.71875
957_606_1_0.83, 0.833984
958_6_1_2.00, 2.0
960_601_1_0.71, 0.707031
961_300_1_0.64, 0.640625
962_4_1_2.00, 2.0
963_300_1_0.78, 0.78125
964_2_1_2.00, 2.0
965_601_1_0.56, 0.560547
966_601_1_0.57, 0.570312
967_250_1_0.80, 0.8
968_601_1_0.62, 0.625
970_7_1_2.00, 2.0
971_301_1_0.64, 0.642578
972_303_1_0.39, 0.390625
973_601_1_0.74, 0.740234
974_601_1_0.62, 0.621094
976_202_1_0.62, 0.625
977_250_1_0.80, 0.8
978_601_1_0.78, 0.777344
979_601_1_0.74, 0.740234
980_201_1_0.78, 0.775391
981_601_1_0.76, 0.763672
982_203_1_0.65, 0.650391
983_16_1_2.00, 2.0
984_10_1_2.00, 2.0
985_4_1_2.00, 2.0
986_601_1_0.73, 0.730469
987_202_1_0.74, 0.742188
988_601_1_0.69, 0.685547
989_601_1_0.79, 0.792969
990_301_1_0.70, 0.703125
991_601_1_0.68, 0.679688
993_601_1_0.69, 0.693359
995_201_1_0.70, 0.699219
996_5_1_2.00, 2.0
997_601_1_0.62, 0.625
998_202_1_0.62, 0.625
999_301_1_0.65, 0.650391
1000_8_1_2.00, 2.0
1001_7_1_2.00, 2.0
1002_601_1_0.55, 0.548828
1003_203_1_0.57, 0.570312
1004_601_1_0.56, 0.560547
1005_601_1_0.73, 0.726562
1008_601_1_0.64, 0.642578
1009_204_1_0.68, 0.683594
1010_202_1_0.57, 0.574219
1011_601_1_0.70, 0.703125
1012_601_1_0.70, 0.703125
1013_601_1_0.62, 0.621094
1014_7_1_2.00, 2.0
1015_601_1_0.81, 0.806641
1016_202_1_0.71, 0.707031
1017_2_1_2.00, 2.0
1018_201_1_0.75, 0.753906
1019_301_1_0.59, 0.585938
1020_601_1_0.63, 0.632812
1021_203_1_0.60, 0.597656
1022_9_1_2.00, 2.0
1023_601_1_0.71, 0.708984
1024_601_1_0.71, 0.714844
1025_601_1_0.68, 0.681641
1026_203_1_0.80, 0.8
1027_601_1_0.62, 0.625
1028_601_1_0.74, 0.738281
1029_9_1_2.00, 2.0
1030_601_1_0.85, 0.853516
1031_601_1_0.62, 0.625
1032_605_1_0.78, 0.78125
1033_5_1_2.00, 2.0
1034_4_1_2.00, 2.0
1035_601_1_0.88, 0.880859
1036_201_1_0.62, 0.625
1038_202_1_0.76, 0.757812
1039_7_1_2.00, 2.0
1040_601_1_0.62, 0.625
1042_7_1_2.00, 2.0
1043_202_1_0.68, 0.679688
1045_601_1_0.71, 0.705078
1046_601_1_0.72, 0.724609
1047_601_1_0.66, 0.660156
1048_6_1_2.00, 2.0
1049_601_1_0.59, 0.59375
1050_7_1_2.00, 2.0
1051_605_1_0.86, 0.857422
1052_601_1_0.63, 0.630859
1053_8_1_2.00, 2.0
1054_601_1_0.60, 0.597656
1056_301_1_0.64, 0.642578
1057_202_1_0.70, 0.703125
1058_4_1_2.00, 2.0
1059_203_1_0.78, 0.78125
1060_601_1_0.80, 0.802734
1061_601_1_0.61, 0.613281
1063_601_1_0.71, 0.707031
1064_301_1_0.74, 0.742188
1065_601_1_0.62, 0.625
1066_601_1_0.56, 0.5625
1067_601_1_0.62, 0.625
1068_601_1_0.67, 0.669922
1069_103_1_1.25, 1.25
1070_606_1_0.80, 0.802734
1071_6_1_2.00, 2.0
1072_601_1_0.77, 0.773438
1073_601_1_0.72, 0.722656
1074_10_1_2.00, 2.0
1075_601_1_0.63, 0.632812
1076_201_1_0.70, 0.697266
1077_601_1_0.62, 0.625
1078_206_1_0.73, 0.726562
1079_601_1_0.69, 0.689453
1080_202_1_0.61, 0.611328
1082_201_1_0.64, 0.642578
1083_202_1_0.68, 0.675781
1084_605_1_0.88, 0.880859
1085_604_1_0.75, 0.75
1086_300_1_0.80, 0.800781
1087_7_1_2.00, 2.0
1088_7_1_2.00, 2.0
1089_9_1_2.00, 2.0
1090_601_1_0.60, 0.597656
1091_601_1_0.77, 0.769531
1093_203_1_0.66, 0.664062
1094_9_1_2.00, 2.0
1096_601_1_0.68, 0.683594
1097_201_1_0.74, 0.738281
1100_601_1_0.71, 0.705078
1101_202_1_0.59, 0.585938
1102_6_1_2.00, 2.0
1103_601_1_0.62, 0.625
1104_601_1_0.79, 0.787109
1105_601_1_0.62, 0.625
1106_601_1_0.74, 0.736328
1107_601_1_0.52, 0.519531
1108_601_1_0.67, 0.671875
1109_6_1_2.00, 2.0
1110_202_1_0.71, 0.707031
1111_301_1_0.78, 0.78125
1112_601_1_0.62, 0.617188
1113_4_1_2.00, 2.0
1114_601_1_0.66, 0.664062
1115_5_1_2.00, 2.0
1116_601_1_0.75, 0.746094
1117_601_1_0.92, 0.919922
1118_601_1_0.68, 0.681641
1120_5_1_2.00, 2.0
1121_203_1_0.80, 0.8
1122_601_1_0.69, 0.693359
1123_601_1_0.62, 0.625
1124_202_1_0.62, 0.625
1125_300_1_0.97, 0.972656
1126_601_1_0.79, 0.791016
1127_601_1_0.64, 0.636719
1128_201_1_0.59, 0.59375
1129_104_1_0.70, 0.703125
1130_605_1_0.96, 0.957031
1131_202_1_0.62, 0.625
1132_252_1_0.62, 0.625
1133_9_1_2.00, 2.0
1134_301_1_0.66, 0.664062
1135_601_1_0.65, 0.652344
1136_8_1_2.00, 2.0
1137_601_1_0.62, 0.625
1138_601_1_0.72, 0.724609
1139_601_1_0.67, 0.673828
1140_601_1_0.62, 0.625
1141_11_1_2.00, 2.0
1142_300_1_0.67, 0.671875
1143_601_1_0.62, 0.619141
1144_6_1_2.00, 2.0
1145_300_1_0.57, 0.574219
1146_610_1_0.81, 0.810547
1147_202_1_0.72, 0.722656
1149_601_1_0.90, 0.896484
1150_202_1_0.62, 0.62
1151_601_1_0.68, 0.683594
1152_601_1_0.79, 0.791016
1153_6_1_2.00, 2.0
1154_201_1_0.66, 0.660156
1155_300_1_0.78, 0.775391
1157_601_1_0.62, 0.625
1158_8_1_2.00, 2.0
1159_300_1_0.62, 0.617188
1160_601_1_0.73, 0.732422
1161_602_1_0.75, 0.746094
1162_302_1_0.82, 0.820312
1163_601_1_0.78, 0.78125
1164_605_1_0.76, 0.759766
1165_601_1_0.66, 0.660156
1166_601_1_0.59, 0.585938
1167_601_1_0.61, 0.611328
1169_601_1_0.59, 0.59375
1170_250_1_0.80, 0.8
1171_601_1_0.81, 0.806641
1172_4_1_2.00, 2.0
1173_601_1_0.73, 0.734375
1174_605_1_0.92, 0.921875
1176_601_1_0.65, 0.646484
1177_9_1_2.00, 2.0
1178_601_1_0.69, 0.685547
1179_251_1_0.62, 0.62
1180_601_1_0.74, 0.742188
1181_601_1_0.66, 0.65625
1183_601_1_0.70, 0.703125
1184_345_1_0.62, 0.625
1185_301_1_0.59, 0.591797
1186_104_1_0.68, 0.683594
1187_601_1_0.74, 0.742188
1188_601_1_0.71, 0.708984
1189_601_1_0.62, 0.625
1190_203_1_0.64, 0.642578
1191_601_1_0.59, 0.585938
1192_201_1_0.62, 0.623047
1193_10_1_2.00, 2.0
1194_7_1_2.00, 2.0
1195_4_1_2.00, 2.0
1196_2_1_2.00, 2.0
1197_601_1_0.87, 0.873047
1198_601_1_0.68, 0.681641
1199_7_1_2.00, 2.0
1200_7_1_2.00, 2.0
1201_202_1_0.72, 0.716797
1202_4_1_2.00, 2.0
1203_601_1_0.70, 0.703125
1204_601_1_0.78, 0.78125
1205_250_1_0.62, 0.62
1206_601_1_0.59, 0.589844
1207_601_1_0.72, 0.722656
1208_202_1_0.62, 0.625
1210_401_1_0.70, 0.703125
1211_202_1_0.62, 0.625
1212_601_1_0.70, 0.701172
1213_601_1_0.64, 0.644531
1214_301_1_0.65, 0.654297
1215_601_1_0.85, 0.851562
1216_601_1_0.63, 0.630859
1218_201_1_0.67, 0.666016
1219_601_1_0.86, 0.863281
1221_601_1_0.68, 0.679688
1224_601_1_0.61, 0.611328
1225_202_1_0.71, 0.707031
1227_301_1_0.55, 0.548828
1228_353_1_0.80, 0.8
1230_400_1_0.64, 0.642578
1231_451_1_1.00, 1.0
1232_201_1_0.78, 0.775391
1233_300_1_0.76, 0.755859
1234_601_1_0.63, 0.626953
1235_201_1_0.71, 0.714844
1236_252_1_0.62, 0.62
1237_202_1_0.65, 0.646484
1239_601_1_0.78, 0.78125
1240_202_1_0.66, 0.664062
1241_202_1_0.80, 0.8
1242_201_1_0.65, 0.654297
1243_601_1_0.62, 0.625
1244_202_1_0.62, 0.625
1245_601_1_0.62, 0.625
1246_601_1_0.78, 0.78125
1247_250_1_0.62, 0.625
1248_601_1_0.68, 0.683594
1249_10_1_2.00, 2.0
1250_601_1_0.67, 0.666016
1251_301_1_0.68, 0.679688
1252_14_1_0.75, 0.75
1253_201_1_0.50, 0.5
1254_601_1_0.71, 0.712891
1255_202_1_0.71, 0.707031
1256_202_1_0.62, 0.625
1257_301_1_0.50, 0.5
1258_250_1_0.80, 0.8
1259_251_1_0.62, 0.625
1260_4_1_2.00, 2.0
1261_7_1_2.00, 2.0
1262_202_1_0.62, 0.625
1263_601_1_0.75, 0.746094
1264_300_1_0.59, 0.585938
1265_6_1_2.00, 2.0
1266_250_1_0.80, 0.8
1267_104_1_0.68, 0.677734
1269_601_1_0.80, 0.798828
1271_601_1_0.72, 0.71875
1272_601_1_0.72, 0.724609
1273_201_1_0.68, 0.683594
1274_601_1_0.80, 0.804688
1275_6_1_2.00, 2.0
1276_301_1_0.70, 0.703125
1277_602_1_1.25, 1.25
1279_202_1_0.68, 0.679688
1280_301_1_1.25, 1.25
1281_251_1_0.62, 0.625
1282_4_1_2.00, 2.0
1283_7_1_2.00, 2.0
1285_606_1_0.70, 0.703125
1286_601_1_0.74, 0.744141
1287_601_1_0.73, 0.734375
1288_601_1_0.65, 0.650391
1289_6_1_2.00, 2.0
1290_301_1_0.71, 0.714844
1291_302_1_0.74, 0.738281
1292_202_1_0.54, 0.537109
1293_601_1_0.73, 0.732422
1294_601_1_0.80, 0.796875
1295_301_1_0.66, 0.662109
1296_4_1_2.00, 2.0
1297_601_1_0.62, 0.625
1298_250_1_0.62, 0.62
1299_6_1_2.00, 2.0
1300_601_1_0.68, 0.681641
1301_601_1_0.74, 0.740234
1302_202_1_0.62, 0.625
1303_250_1_0.62, 0.62
1304_202_1_0.62, 0.625
1306_601_1_0.62, 0.619141
1307_301_1_0.77, 0.767578
1308_201_1_0.76, 0.759766
1309_301_1_0.74, 0.742188
1310_601_1_0.78, 0.777344
1311_601_1_0.62, 0.625
1312_601_1_0.81, 0.806641
1313_350_1_1.25, 1.25
1314_202_1_0.61, 0.611328
1315_202_1_0.65, 0.650391
1316_203_1_0.80, 0.8
1317_601_1_0.73, 0.728516
1318_251_1_0.62, 0.62
1319_601_1_0.75, 0.753906
1320_601_1_0.73, 0.726562
1321_601_1_0.73, 0.732422
1322_601_1_0.67, 0.669922
1323_201_1_0.59, 0.591797
1324_301_1_0.62, 0.62
1325_601_1_0.69, 0.689453
1326_601_1_0.73, 0.732422
1327_6_1_2.00, 2.0
1329_601_1_0.67, 0.673828
1330_601_1_0.68, 0.681641
1331_202_1_0.50, 0.5
1332_601_1_0.62, 0.625
1333_601_1_0.70, 0.699219
1334_4_1_2.00, 2.0
1335_4_1_2.00, 2.0
1336_202_1_0.62, 0.623047
1337_601_1_0.69, 0.6875
1338_601_1_0.78, 0.78125
1339_202_1_1.25, 1.25
1340_204_1_0.62, 0.625
1341_204_1_0.58, 0.582031
1342_601_1_0.59, 0.589844
1343_202_1_0.64, 0.642578
1345_10_1_2.00, 2.0
1346_602_1_0.79, 0.792969
1347_601_1_0.60, 0.597656
1348_203_1_0.62, 0.625
1349_105_1_0.58, 0.578125
1350_601_1_0.71, 0.712891
1352_601_1_0.72, 0.722656
1353_601_1_0.62, 0.617188
1354_250_1_0.62, 0.62
1355_301_1_0.70, 0.703125
1356_601_1_0.98, 0.976562
1357_6_1_2.00, 2.0
1358_251_1_0.62, 0.62
1359_601_1_0.57, 0.574219
1360_202_1_0.76, 0.763672
1362_401_1_0.77, 0.771484
1363_601_1_0.62, 0.625
1364_203_1_0.80, 0.8
1365_301_1_0.68, 0.677734
1367_601_1_0.70, 0.703125
1368_7_1_2.00, 2.0
1369_6_1_2.00, 2.0
1372_7_1_2.00, 2.0
1373_9_1_2.00, 2.0
1374_400_1_0.71, 0.712891
1375_601_1_0.62, 0.617188
1376_601_1_0.72, 0.720703
1377_601_1_0.67, 0.666016
1378_8_1_2.00, 2.0
1379_6_1_2.00, 2.0
1380_601_1_0.80, 0.800781
1383_201_1_0.57, 0.574219
1384_202_1_0.68, 0.681641
1385_252_1_0.62, 0.625
1386_202_1_0.62, 0.62
1387_601_1_0.59, 0.587891
1388_202_1_0.63, 0.632812
1389_601_1_0.66, 0.65625
1390_8_1_2.00, 2.0
1391_601_1_0.60, 0.601562
1392_601_1_0.62, 0.625
1393_5_1_2.00, 2.0
1394_601_1_0.62, 0.625
1395_7_1_2.00, 2.0
1397_601_1_0.72, 0.722656
1398_601_1_0.62, 0.625
1399_7_1_2.00, 2.0
1401_5_1_2.00, 2.0
1402_300_1_0.80, 0.802734
1403_601_1_0.76, 0.757812
1404_601_1_0.75, 0.751953
1405_202_1_0.52, 0.515625
1406_301_1_0.69, 0.689453
1407_202_1_0.62, 0.625
1408_601_1_0.71, 0.705078
1409_601_1_0.67, 0.669922
1410_6_1_2.00, 2.0
1411_601_1_0.62, 0.625
1412_601_1_0.77, 0.773438
1413_601_1_0.74, 0.744141
1415_6_1_2.00, 2.0
1416_601_1_0.68, 0.681641
1417_601_1_0.72, 0.716797
1418_202_1_0.62, 0.625
1419_203_1_0.74, 0.736328
1420_601_1_0.71, 0.705078
1421_7_1_2.00, 2.0
1422_202_1_0.67, 0.673828
1424_301_1_0.75, 0.753906
1425_201_1_0.62, 0.623047
1426_3_1_2.00, 2.0
1427_202_1_0.54, 0.544922
1428_202_1_0.59, 0.589844
1430_8_1_2.00, 2.0
1432_254_1_0.62, 0.625
1433_601_1_0.82, 0.818359
1434_601_1_0.66, 0.65625
1435_601_1_0.71, 0.714844
1436_601_1_0.66, 0.664062
1437_300_1_0.73, 0.726562
1438_601_1_0.75, 0.746094
1439_301_1_0.74, 0.742188
1440_300_1_0.68, 0.681641
1441_7_1_2.00, 2.0
1442_203_1_0.62, 0.625
1443_601_1_0.62, 0.625
1444_605_1_0.66, 0.658203
1446_203_1_0.62, 0.625
1447_201_1_0.63, 0.628906
1448_6_1_2.00, 2.0
1449_201_1_0.59, 0.59375
1450_601_1_0.75, 0.753906
1451_601_1_0.79, 0.785156
1452_601_1_0.77, 0.773438
1453_601_1_0.60, 0.603516
1454_6_1_2.00, 2.0
1455_601_1_0.62, 0.625
1456_201_1_0.75, 0.751953
1457_603_1_0.75, 0.746094
1458_601_1_0.71, 0.712891
1459_4_1_2.00, 2.0
1460_7_1_2.00, 2.0
1461_601_1_0.75, 0.751953
1462_601_1_0.65, 0.650391
1463_601_1_0.66, 0.658203
1464_300_1_0.66, 0.658203
1465_251_1_0.62, 0.625
1466_201_1_0.59, 0.589844
1469_601_1_0.70, 0.695312
1470_601_1_0.70, 0.695312
1471_202_1_0.70, 0.695312
1472_551_1_0.70, 0.7
1473_601_1_0.64, 0.642578
1474_202_1_0.70, 0.697266
1476_203_1_0.59, 0.589844
1477_6_1_2.00, 2.0
1478_4_1_2.00, 2.0
1479_202_1_0.62, 0.625
1480_4_1_2.00, 2.0
1481_8_1_2.00, 2.0
1482_601_1_0.72, 0.71875
1483_601_1_0.74, 0.742188
1484_6_1_2.00, 2.0
1485_601_1_0.65, 0.648438
1487_250_1_0.62, 0.62
1488_602_1_0.66, 0.664062
1489_203_1_0.80, 0.8
1490_601_1_0.84, 0.839844
1491_601_1_0.62, 0.625
1492_601_1_0.60, 0.595703
1493_651_1_1.00, 1.0
1494_351_1_0.61, 0.607422
1495_6_1_2.00, 2.0
1496_400_1_1.25, 1.25
1497_601_1_0.62, 0.619141
1498_6_1_2.00, 2.0
1499_250_1_0.80, 0.8
1500_900_1_0.70, 0.703125
1501_202_1_0.65, 0.652344
1502_202_1_0.75, 0.751953
1503_201_1_0.64, 0.640625
1504_601_1_0.73, 0.732422
1505_6_1_2.00, 2.0
1506_6_1_2.00, 2.0
1507_601_1_0.62, 0.625
1508_6_1_2.00, 2.0
1509_401_1_0.58, 0.580078
1510_601_1_0.62, 0.625
1511_6_1_2.00, 2.0
1512_601_1_0.70, 0.703125
1513_201_1_0.71, 0.710938
1514_550_1_1.00, 1.0
1515_201_1_0.85, 0.849609
1516_7_1_2.00, 2.0
1517_6_1_2.00, 2.0
1518_301_1_0.68, 0.679688
1519_8_1_2.00, 2.0
1520_350_1_1.25, 1.25
1521_601_1_0.62, 0.625
1522_601_1_0.77, 0.765625
1523_301_1_0.64, 0.636719
1524_7_1_2.00, 2.0
1525_6_1_2.00, 2.0
1526_601_1_0.70, 0.703125
1527_7_1_2.00, 2.0
1528_300_1_0.74, 0.738281
1529_601_1_0.70, 0.695312
1530_401_1_0.58, 0.582031
1531_301_1_0.75, 0.753906
1532_7_1_2.00, 2.0
1533_250_1_0.62, 0.62
1534_601_1_0.64, 0.642578
1535_601_1_0.64, 0.638672
1536_601_1_0.74, 0.742188
1537_601_1_0.84, 0.841797
1538_400_1_0.85, 0.849609
1539_7_1_2.00, 2.0
1541_601_1_0.84, 0.84375
1542_202_1_0.69, 0.6875
1543_14_1_2.00, 2.0
1544_601_1_0.75, 0.751953
1545_601_1_0.71, 0.708984
1547_300_1_0.67, 0.673828
1548_601_1_0.70, 0.699219
1550_4_1_2.00, 2.0
1551_401_1_0.57, 0.574219
1552_601_1_0.79, 0.787109
1553_601_1_0.66, 0.662109
1554_202_1_0.68, 0.681641
1555_601_1_0.72, 0.724609
1556_601_1_0.82, 0.820312
1557_605_1_0.70, 0.703125
1558_202_1_0.70, 0.703125
1559_601_1_0.71, 0.708984
1560_201_1_0.75, 0.753906
1561_601_1_0.56, 0.5625
1562_4_1_2.00, 2.0
1563_4_1_2.00, 2.0
1565_601_1_0.64, 0.640625
1566_601_1_0.62, 0.625
1567_601_1_0.72, 0.724609
1568_202_1_0.63, 0.630859
1569_202_1_0.72, 0.71875
1570_202_1_0.59, 0.591797
1571_8_1_2.00, 2.0
1572_601_1_0.76, 0.763672
1573_104_1_0.80, 0.8
1574_601_1_0.74, 0.740234
1575_6_1_2.00, 2.0
1578_251_1_0.80, 0.8
1579_606_1_0.77, 0.765625
1580_250_1_0.62, 0.625
1581_601_1_0.77, 0.773438
1582_601_1_0.80, 0.802734
1583_103_1_0.74, 0.744141
1584_2_1_2.00, 2.0
1585_601_1_0.80, 0.802734
1586_4_1_2.00, 2.0
1587_601_1_0.69, 0.691406
1588_601_1_0.62, 0.625
1589_6_1_2.00, 2.0
1590_6_1_2.00, 2.0
1592_601_1_0.67, 0.667969
1593_7_1_2.00, 2.0
1594_7_1_2.00, 2.0
1595_604_1_0.62, 0.625
1596_17_1_2.00, 2.0
1597_301_1_0.67, 0.671875
1598_203_1_0.62, 0.625
1599_300_1_0.76, 0.763672
1600_301_1_0.68, 0.679688
1601_601_1_0.71, 0.708984
1602_203_1_0.65, 0.652344
1603_4_1_2.00, 2.0
1604_601_1_0.63, 0.632812
1605_201_1_0.68, 0.679688
1606_601_1_0.72, 0.720703
1607_4_1_2.00, 2.0
1608_201_1_0.66, 0.664062
1609_202_1_0.62, 0.615234
1610_202_1_0.80, 0.8
1611_6_1_2.00, 2.0
1612_602_1_0.75, 0.748047
1613_601_1_0.68, 0.677734
1614_301_1_1.25, 1.25
1615_601_1_0.65, 0.652344
1616_601_1_0.73, 0.726562
1617_601_1_0.90, 0.904297
1618_201_1_0.70, 0.699219
1619_202_1_0.66, 0.664062
1620_301_1_0.73, 0.732422
1621_7_1_2.00, 2.0
1622_9_1_2.00, 2.0
1624_601_1_0.61, 0.605469
1626_601_1_0.62, 0.621094
1627_601_1_0.62, 0.625
1628_201_1_0.54, 0.539062
1629_601_1_0.62, 0.625
1630_601_1_0.82, 0.818359
1631_301_1_0.71, 0.710938
1632_900_1_0.77, 0.767578
1633_202_1_0.54, 0.542969
1634_601_1_0.55, 0.550781
1635_203_1_0.53, 0.529297
1636_601_1_0.74, 0.738281
1637_601_1_0.68, 0.683594
1638_601_1_0.70, 0.701172
1639_201_1_0.77, 0.765625
1640_6_1_2.00, 2.0
1641_6_1_2.00, 2.0
1642_2_1_2.00, 2.0
1643_601_1_0.62, 0.625
1644_251_1_0.62, 0.625
1645_601_1_0.71, 0.710938
1648_4_1_2.00, 2.0
1649_601_1_0.67, 0.673828
1650_201_1_0.82, 0.820312
1651_250_1_0.80, 0.8
1652_301_1_0.74, 0.738281
1653_301_1_0.72, 0.720703
1655_202_1_0.62, 0.625
1656_601_1_0.71, 0.705078
1657_4_1_2.00, 2.0
1658_601_1_0.61, 0.607422
1659_302_1_0.59, 0.59375
1660_601_1_0.77, 0.767578
1662_303_1_0.70, 0.703125
1664_601_1_0.70, 0.697266
1665_6_1_2.00, 2.0
1666_601_1_0.76, 0.755859
1667_601_1_0.66, 0.664062
1668_204_1_0.80, 0.8
1669_4_1_2.00, 2.0
1670_4_1_2.00, 2.0
1671_201_1_0.77, 0.767578
1672_202_1_0.77, 0.771484
1673_602_1_0.78, 0.78125
1674_601_1_0.62, 0.625
1675_201_1_0.73, 0.730469
1676_601_1_0.65, 0.654297
1677_500_1_0.57, 0.574219
1678_8_1_2.00, 2.0
1679_601_1_0.63, 0.632812
1680_601_1_0.62, 0.617188
1681_6_1_2.00, 2.0
1682_301_1_0.63, 0.628906
1683_301_1_0.69, 0.685547
1684_651_1_1.00, 1.0
1685_250_1_0.62, 0.62
1686_202_1_0.62, 0.617188
1689_250_1_0.62, 0.625
1691_4_1_2.00, 2.0
1692_601_1_0.62, 0.625
1693_203_1_0.75, 0.751953
1694_202_1_0.59, 0.585938
1695_601_1_0.73, 0.730469
1696_202_1_0.69, 0.689453
1697_400_1_0.76, 0.757812
1698_601_1_0.78, 0.779297
1699_301_1_0.70, 0.699219
1700_601_1_0.73, 0.726562
1702_601_1_0.74, 0.740234
1703_450_1_1.00, 1.0
1704_601_1_0.62, 0.619141
1705_601_1_0.74, 0.740234
1706_601_1_0.68, 0.679688
1707_4_1_2.00, 2.0
1709_203_1_0.71, 0.712891
1710_201_1_0.70, 0.699219
1711_601_1_0.68, 0.681641
1712_601_1_0.64, 0.642578
1713_601_1_0.67, 0.667969
1714_400_1_0.67, 0.666016
1715_601_1_0.69, 0.693359
1716_251_1_0.62, 0.62
1717_601_1_0.73, 0.728516
1718_250_1_0.80, 0.8
1719_250_1_0.80, 0.8
1720_601_1_0.65, 0.648438
1721_201_1_0.98, 0.976562
1722_204_1_0.72, 0.724609
1723_202_1_0.75, 0.753906
1724_601_1_0.62, 0.625
1725_601_1_0.75, 0.748047
1726_601_1_0.76, 0.761719
1727_6_1_2.00, 2.0
1728_300_1_0.76, 0.763672
1729_7_1_2.00, 2.0
1730_6_1_2.00, 2.0
1732_601_1_0.72, 0.722656
1733_601_1_0.76, 0.755859
1734_202_1_0.68, 0.675781
1735_202_1_0.56, 0.560547
1736_601_1_0.70, 0.703125
1737_601_1_0.88, 0.880859
1738_601_1_0.80, 0.804688
1739_9_1_2.00, 2.0
1740_601_1_0.66, 0.664062
1742_601_1_0.92, 0.919922
1743_601_1_0.63, 0.630859
1744_401_1_0.59, 0.585938
1745_300_1_0.66, 0.664062
1746_601_1_0.79, 0.791016
1747_601_1_0.81, 0.806641
1748_601_1_0.62, 0.625
1749_601_1_0.69, 0.689453
1750_250_1_0.62, 0.625
1751_206_1_0.62, 0.625
1752_601_1_0.62, 0.617188
1753_601_1_0.76, 0.755859
1754_7_1_2.00, 2.0
1755_203_1_0.73, 0.730469
1757_601_1_0.63, 0.628906
1758_301_1_1.25, 1.25
1759_601_1_0.67, 0.673828
1760_601_1_0.61, 0.609375
1761_301_1_0.66, 0.658203
1762_605_1_0.83, 0.828125
1763_301_1_0.71, 0.712891
1764_601_1_0.68, 0.679688
1765_7_1_2.00, 2.0
1766_18_1_2.00, 2.0
1768_202_1_0.80, 0.800781
1769_605_1_0.79, 0.789062
1770_601_1_0.67, 0.673828
1771_202_1_0.64, 0.644531
1772_204_1_0.65, 0.646484
1773_250_1_0.62, 0.62
1774_7_1_2.00, 2.0
1775_650_1_0.60, 0.6
1776_252_1_0.62, 0.62
1778_601_1_0.76, 0.763672
1779_104_1_0.98, 0.976562
1780_204_1_0.80, 0.796875
1781_452_1_0.98, 0.976562
1782_601_1_0.66, 0.660156
1783_607_1_0.72, 0.716797
1784_500_1_0.64, 0.640625
1785_601_1_0.73, 0.732422
1786_601_1_0.56, 0.5625
1787_601_1_0.80, 0.800781
1789_103_1_0.62, 0.62
1790_4_1_2.00, 2.0
1791_7_1_2.00, 2.0
1792_201_1_0.68, 0.677734
1794_201_1_0.65, 0.646484
1795_552_1_0.62, 0.625
1796_7_1_2.00, 2.0
1797_6_1_2.00, 2.0
1799_601_1_0.77, 0.769531
1801_601_1_0.72, 0.71875
1802_601_1_0.77, 0.767578
1803_601_1_0.67, 0.671875
1804_601_1_0.62, 0.625
1805_202_1_0.76, 0.759766
1806_504_1_0.63, 0.632812
1807_601_1_0.62, 0.625
1808_601_1_0.72, 0.724609
1809_303_1_0.74, 0.736328
1810_202_1_0.53, 0.529297
1811_601_1_0.74, 0.742188
1812_203_1_0.64, 0.640625
1813_202_1_0.62, 0.62
1814_300_1_0.96, 0.957031
1815_202_1_0.62, 0.625
1816_601_1_0.78, 0.783203
1817_606_1_0.78, 0.78125
1818_601_1_0.67, 0.669922
1819_601_1_0.70, 0.703125
1820_251_1_0.62, 0.625
1821_451_1_0.60, 0.6
1822_6_1_2.00, 2.0
1823_601_1_0.65, 0.648438
1824_601_1_0.67, 0.669922
1825_601_1_0.78, 0.777344
1826_301_1_0.61, 0.611328
1827_203_1_0.80, 0.8
1828_202_1_0.77, 0.767578
1829_7_1_2.00, 2.0
1830_601_1_0.59, 0.589844
1831_8_1_2.00, 2.0
1832_4_1_2.00, 2.0
1833_4_1_2.00, 2.0
1834_601_1_0.66, 0.65625
1835_203_1_0.80, 0.8
1836_601_1_0.74, 0.740234
1837_601_1_0.80, 0.796875
1838_201_1_0.79, 0.792969
1839_202_1_0.65, 0.646484
1840_601_1_0.63, 0.630859
1841_601_1_0.85, 0.849609
1842_202_1_0.71, 0.705078
1843_601_1_0.72, 0.722656
1844_605_1_0.83, 0.826172
1845_601_1_0.72, 0.722656
1846_201_1_0.65, 0.646484
1847_301_1_0.50, 0.5
1848_202_1_0.65, 0.650391
1849_203_1_0.62, 0.625
1850_601_1_0.62, 0.625
1851_10_1_2.00, 2.0
1852_601_1_0.56, 0.560547
1853_301_1_0.67, 0.667969
1854_202_1_0.62, 0.625
1855_6_1_2.00, 2.0
1856_601_1_0.62, 0.625
1857_601_1_0.66, 0.660156
1860_201_1_0.62, 0.615234
1862_601_1_0.69, 0.685547
1863_601_1_0.69, 0.693359
1864_601_1_0.68, 0.679688
1865_503_1_0.62, 0.625
1866_601_1_0.60, 0.595703
1867_601_1_0.73, 0.734375
1868_202_1_0.62, 0.625
1869_601_1_0.72, 0.71875
1870_601_1_0.70, 0.699219
1871_900_1_0.70, 0.703125
1872_601_1_0.75, 0.753906
1873_601_1_0.68, 0.681641
1875_601_1_0.71, 0.710938
1876_601_1_0.69, 0.693359
1877_605_1_0.65, 0.654297
1878_7_1_2.00, 2.0
1879_601_1_0.58, 0.580078
1880_8_1_2.00, 2.0
1881_601_1_0.67, 0.669922
1882_601_1_0.79, 0.787109
1883_7_1_2.00, 2.0
1884_202_1_0.67, 0.671875
1885_201_1_0.80, 0.8
1886_202_1_0.62, 0.625
1887_601_1_0.62, 0.625
1888_601_1_0.81, 0.806641
1890_302_1_0.78, 0.78125
1891_601_1_0.65, 0.646484
1893_14_1_2.00, 2.0
1894_601_1_0.74, 0.736328
1895_601_1_0.75, 0.751953
1896_301_1_0.81, 0.810547
1897_301_1_0.64, 0.642578
1898_601_1_0.65, 0.654297
1899_605_1_0.66, 0.664062
1900_601_1_0.74, 0.744141
1901_251_1_0.62, 0.625
1902_4_1_2.00, 2.0
1903_301_1_0.54, 0.541016
1904_601_1_0.71, 0.707031
1905_606_1_0.95, 0.951172
1906_203_1_0.79, 0.785156
1907_601_1_0.68, 0.679688
1908_201_1_0.77, 0.771484
1909_5_1_2.00, 2.0
1910_601_1_0.68, 0.677734
1911_601_1_0.70, 0.701172
1912_5_1_2.00, 2.0
1913_203_1_0.80, 0.8
1914_202_1_0.62, 0.625
1916_601_1_0.62, 0.625
1917_254_1_0.62, 0.62
1919_6_1_2.00, 2.0
1920_601_1_0.64, 0.638672
1921_601_1_0.80, 0.804688
1922_601_1_0.78, 0.777344
1923_202_1_0.66, 0.65625
1924_203_1_0.68, 0.675781
1925_601_1_0.70, 0.703125
1926_601_1_0.70, 0.703125
1927_601_1_0.62, 0.625
1928_601_1_0.83, 0.826172
1929_605_1_0.86, 0.859375
1930_302_1_1.25, 1.25
1931_250_1_0.80, 0.8
1932_601_1_0.68, 0.683594
1933_300_1_0.79, 0.787109
1934_202_1_0.52, 0.519531
1935_601_1_0.78, 0.777344
1936_601_1_0.72, 0.720703
1937_204_1_0.79, 0.794922
1938_301_1_0.67, 0.669922
1939_601_1_0.62, 0.625
1941_202_1_0.81, 0.8125
1942_4_1_2.00, 2.0
1943_4_1_2.00, 2.0
1944_601_1_0.74, 0.740234
1945_251_1_0.62, 0.62
1946_7_1_2.00, 2.0
1947_601_1_0.67, 0.667969
1948_6_1_2.00, 2.0
1949_202_1_0.62, 0.625
1950_3_1_2.00, 2.0
1951_301_1_0.68, 0.683594
1952_601_1_0.67, 0.666016
1953_202_1_0.71, 0.708984
1954_601_1_0.69, 0.685547
1955_601_1_0.69, 0.685547
1956_6_1_2.00, 2.0
1957_6_1_2.00, 2.0
1958_601_1_0.73, 0.728516
1959_6_1_2.00, 2.0
1960_301_1_0.56, 0.556641
1961_601_1_0.67, 0.671875
1962_601_1_0.62, 0.617188
1963_4_1_2.00, 2.0
1964_7_1_2.00, 2.0
1965_601_1_0.71, 0.707031
1966_601_1_0.71, 0.707031
1968_203_1_0.55, 0.546875
1969_13_1_2.00, 2.0
1970_9_1_2.00, 2.0
1971_601_1_0.62, 0.625
1972_4_1_2.00, 2.0
1973_601_1_0.67, 0.671875
1974_300_1_0.74, 0.744141
1975_601_1_0.75, 0.75
1976_205_1_0.98, 0.976562
1977_601_1_0.62, 0.625
1978_501_1_0.66, 0.660156
1979_604_1_0.73, 0.728516
1980_7_1_2.00, 2.0
1982_601_1_0.55, 0.546875
1983_601_1_0.68, 0.677734
1984_302_1_0.69, 0.689453
1985_202_1_0.68, 0.681641
1986_300_1_0.68, 0.683594
1987_202_1_0.72, 0.71875
1988_203_1_0.60, 0.603516
1989_300_1_0.74, 0.744141
1990_605_1_0.74, 0.740234
1991_202_1_0.60, 0.597656
1992_5_1_2.00, 2.0
1993_258_1_0.62, 0.625
1994_601_1_0.62, 0.625
1995_203_1_0.69, 0.6875
1996_601_1_0.62, 0.625
1997_601_1_0.58, 0.580078
1998_601_1_0.62, 0.621094
1999_601_1_0.71, 0.708984
2000_601_1_0.59, 0.589844
2001_601_1_0.74, 0.738281
2002_400_1_0.89, 0.888672
2003_202_1_0.80, 0.8
2004_601_1_0.68, 0.681641
2005_307_1_0.70, 0.703125
2006_601_1_0.62, 0.625
2007_251_1_0.62, 0.625
2008_8_1_2.00, 2.0
2009_601_1_0.60, 0.599609
2010_601_1_0.62, 0.625
2011_6_1_2.00, 2.0
2012_601_1_0.78, 0.78125
2013_601_1_0.62, 0.625
2014_601_1_0.71, 0.705078
2016_601_1_0.63, 0.632812
2017_601_1_0.73, 0.732422
2018_601_1_0.81, 0.810547
2019_202_1_0.80, 0.8
2020_301_1_0.68, 0.681641
2021_301_1_0.54, 0.535156
2022_250_1_0.62, 0.625
2023_601_1_0.62, 0.625
2024_254_1_0.62, 0.62
2025_202_1_0.76, 0.761719
2026_203_1_0.71, 0.714844
2027_601_1_0.64, 0.638672
2028_606_1_0.77, 0.773438
2029_601_1_0.68, 0.677734
2030_202_1_0.80, 0.8
2031_601_1_0.62, 0.625
2032_6_1_2.00, 2.0
2034_601_1_0.75, 0.751953
2035_601_1_0.98, 0.976562
2036_601_1_0.61, 0.607422
2037_203_1_0.65, 0.652344
2038_601_1_0.77, 0.765625
2039_601_1_0.64, 0.644531
2040_7_1_2.00, 2.0
2041_601_1_0.64, 0.644531
2042_601_1_0.83, 0.826172
2043_8_1_2.00, 2.0
2044_601_1_0.66, 0.660156
2045_201_1_0.62, 0.625
2046_605_1_0.75, 0.751953
2048_601_1_0.68, 0.681641
2049_203_1_0.65, 0.652344
2050_12_1_2.00, 2.0
2051_6_1_2.00, 2.0
2052_604_1_1.25, 1.25
2053_300_1_0.57, 0.574219
2054_601_1_0.62, 0.625
2055_9_1_2.00, 2.0
2056_254_1_0.62, 0.625
2057_4_1_2.00, 2.0
2060_202_1_0.68, 0.679688
2061_202_1_0.77, 0.767578
2062_202_1_0.71, 0.707031
2063_6_1_2.00, 2.0
2064_250_1_0.62, 0.62
2065_601_1_0.68, 0.679688
2066_201_1_0.71, 0.705078
2067_202_1_0.78, 0.78125
2068_601_1_0.65, 0.650391
2069_204_1_0.62, 0.62
2070_601_1_0.62, 0.625
2071_301_1_0.71, 0.710938
2072_601_1_0.50, 0.5
2073_250_1_0.62, 0.625
2075_7_1_2.00, 2.0
2076_6_1_2.00, 2.0
2077_601_1_0.77, 0.773438
2078_601_1_0.70, 0.697266
2079_601_1_0.76, 0.761719
2080_601_1_0.90, 0.902344
2081_601_1_0.86, 0.859375
2082_601_1_0.73, 0.728516
2083_4_1_2.00, 2.0
2084_601_1_0.78, 0.783203
2085_601_1_0.70, 0.703125
2086_601_1_0.86, 0.857422
2087_601_1_0.75, 0.753906
2088_601_1_0.70, 0.697266
2089_601_1_0.77, 0.769531
2090_601_1_0.62, 0.615234
2091_301_1_0.70, 0.703125
2092_202_1_0.80, 0.8
2093_601_1_0.72, 0.71875
2094_300_1_0.70, 0.703125
2095_7_1_2.00, 2.0
2096_4_1_2.00, 2.0
2097_601_1_0.84, 0.839844
2098_601_1_0.74, 0.738281
2099_203_1_0.62, 0.625
2101_203_1_0.66, 0.664062
2102_301_1_0.72, 0.722656
2103_351_1_0.66, 0.660156
2104_7_1_2.00, 2.0
2105_601_1_0.68, 0.679688
2106_601_1_0.68, 0.679688
2107_202_1_0.50, 0.5
2108_202_1_0.62, 0.625
2109_301_1_0.73, 0.734375
2112_302_1_0.62, 0.625
2113_202_1_0.73, 0.728516
2114_605_1_0.82, 0.818359
2115_301_1_0.70, 0.703125
2116_601_1_0.57, 0.570312
2117_202_1_0.70, 0.697266
2118_4_1_2.00, 2.0
2119_601_1_0.63, 0.630859
2120_201_1_0.69, 0.6875
2121_601_1_0.75, 0.751953
2122_7_1_2.00, 2.0
2123_104_1_0.32, 0.31808
2124_202_1_0.60, 0.601562
2125_601_1_0.63, 0.634766
2126_301_1_0.67, 0.669922
2127_301_1_0.54, 0.541016
2128_301_1_0.62, 0.625
2129_601_1_0.68, 0.683594
2130_15_1_2.00, 2.0
2131_201_1_0.73, 0.730469
2133_601_1_0.62, 0.625
2134_601_1_0.70, 0.695312
2135_601_1_0.63, 0.626953
2136_601_1_0.64, 0.642578
2137_202_1_0.62, 0.62
2138_601_1_0.57, 0.570312
2139_601_1_0.70, 0.701172
2140_203_1_0.72, 0.724609
2141_601_1_0.70, 0.703125
2142_601_1_0.85, 0.847656
2143_601_1_0.79, 0.791016
2144_250_1_0.62, 0.62
2145_6_1_2.00, 2.0
2146_601_1_0.68, 0.677734
2147_601_1_0.62, 0.623047
2148_601_1_0.65, 0.646484
2149_202_1_0.69, 0.689453
2150_351_1_1.25, 1.25
2152_6_1_2.00, 2.0
2153_205_1_0.75, 0.751953
2154_601_1_0.76, 0.761719
2155_6_1_2.00, 2.0
2156_4_1_2.00, 2.0
2157_601_1_0.67, 0.669922
2158_4_1_2.00, 2.0
2160_201_1_0.71, 0.705078
2161_601_1_0.53, 0.533203
2163_601_1_0.75, 0.751953
2164_601_1_0.70, 0.701172
2165_601_1_0.74, 0.740234
2166_4_1_2.00, 2.0
2167_601_1_0.71, 0.710938
2168_302_1_0.66, 0.664062
2169_601_1_0.68, 0.683594
2170_601_1_0.79, 0.787109
2171_601_1_0.70, 0.703125
2172_605_1_0.62, 0.617188
2173_203_1_0.58, 0.580078
2174_301_1_0.75, 0.746094
2175_601_1_0.62, 0.625
2176_605_1_0.90, 0.898438
2177_301_1_0.70, 0.703125
2178_300_1_0.62, 0.625
2179_601_1_0.71, 0.714844
2180_250_1_1.25, 1.25
2181_601_1_0.62, 0.625
2182_301_1_0.57, 0.572266
2183_601_1_0.73, 0.728516
2184_5_1_2.00, 2.0
2185_8_1_2.00, 2.0
2186_601_1_0.62, 0.625
2187_202_1_0.80, 0.8
2189_605_1_0.77, 0.767578
2190_601_1_0.68, 0.683594
2192_5_1_2.00, 2.0
2193_203_1_0.66, 0.658203
2194_4_1_2.00, 2.0
2195_4_1_2.00, 2.0
2196_601_1_0.62, 0.625
2197_601_1_0.54, 0.542969
2198_5_1_2.00, 2.0
2199_301_1_0.66, 0.658203
2200_8_1_2.00, 2.0
2201_203_1_0.62, 0.625
2202_601_1_0.84, 0.841797
2203_250_1_0.62, 0.625
2204_601_1_0.61, 0.607422
2205_104_1_0.66, 0.664062
2206_601_1_0.69, 0.691406
2209_7_1_2.00, 2.0
2210_601_1_0.76, 0.755859
2211_601_1_0.62, 0.625
2212_6_1_2.00, 2.0
2213_250_1_0.62, 0.62
2214_601_1_0.66, 0.664062
2215_601_1_0.55, 0.550781
2216_601_1_0.69, 0.685547
2217_250_1_0.62, 0.625
2218_601_1_0.86, 0.859375
2219_601_1_0.77, 0.773438
2220_601_1_0.66, 0.658203
2221_601_1_0.75, 0.75
2222_605_1_0.68, 0.675781
2223_601_1_0.62, 0.625
2224_202_1_0.59, 0.585938
2225_601_1_0.65, 0.654297
2226_252_1_0.62, 0.62
2227_6_1_2.00, 2.0
2228_601_1_0.72, 0.71875
2229_301_1_0.65, 0.654297
2230_601_1_0.67, 0.667969
2231_601_1_0.79, 0.792969
2232_201_1_0.83, 0.832031
2233_301_1_0.70, 0.703125
2234_252_1_0.80, 0.8
2235_601_1_0.71, 0.710938
2237_400_1_1.25, 1.25
2238_202_1_0.74, 0.736328
2239_601_1_0.72, 0.716797
2240_601_1_0.74, 0.742188
2241_7_1_2.00, 2.0
2242_7_1_2.00, 2.0
2244_601_1_0.77, 0.765625
2245_601_1_0.95, 0.947266
2246_201_1_0.68, 0.683594
2247_202_1_0.65, 0.650391
2248_601_1_0.57, 0.566406
2249_8_1_2.00, 2.0
2250_202_1_0.62, 0.625
2251_251_1_0.70, 0.701172
2252_601_1_0.69, 0.685547
2253_202_1_0.62, 0.625
2254_6_1_2.00, 2.0
2255_601_1_0.88, 0.878906
2256_601_1_0.83, 0.826172
2257_601_1_0.62, 0.625
2258_8_1_2.00, 2.0
2259_601_1_0.63, 0.630859
2260_201_1_0.79, 0.791016
2261_601_1_0.70, 0.699219
2262_202_1_0.59, 0.587891
2263_601_1_0.65, 0.646484
2264_400_1_0.72, 0.720703
2265_601_1_0.66, 0.660156
2266_6_1_2.00, 2.0
2267_4_1_2.00, 2.0
2269_601_1_0.62, 0.625
2270_601_1_0.63, 0.628906
2271_104_1_0.61, 0.613281
2272_601_1_0.62, 0.625
2273_601_1_0.68, 0.675781
2274_601_1_0.68, 0.679688
2275_250_1_0.80, 0.8
2276_601_1_0.63, 0.634766
2277_205_1_0.79, 0.789062
2278_601_1_0.71, 0.714844
2279_301_1_0.56, 0.560547
2280_201_1_0.62, 0.615234
2281_7_1_2.00, 2.0
2282_201_1_0.77, 0.765625
2283_301_1_0.56, 0.560547
2284_6_1_2.00, 2.0
2286_605_1_0.78, 0.78125
2287_6_1_2.00, 2.0
2288_7_1_2.00, 2.0
2289_301_1_0.62, 0.623047
2290_300_1_0.61, 0.613281
2291_601_1_0.54, 0.541016
2292_8_1_2.00, 2.0
2293_601_1_0.73, 0.734375
2294_601_1_0.62, 0.625
2295_300_1_0.71, 0.712891
2296_202_1_0.70, 0.701172
2299_6_1_2.00, 2.0
2300_7_1_2.00, 2.0
2301_601_1_0.65, 0.652344
2302_250_1_0.62, 0.625
2303_202_1_0.59, 0.585938
2304_202_1_0.62, 0.625
2305_601_1_0.75, 0.746094
2306_4_1_2.00, 2.0
2307_601_1_0.62, 0.625
2308_103_1_0.39, 0.390625
2309_202_1_0.67, 0.671875
2310_601_1_0.62, 0.621094
2311_601_1_0.75, 0.753906
2312_601_1_0.67, 0.671875
2313_601_1_0.62, 0.625
2314_203_1_0.87, 0.867188
2315_601_1_0.66, 0.660156
2316_601_1_0.71, 0.708984
2317_601_1_0.69, 0.6875
2318_601_1_0.62, 0.625
2319_4_1_2.00, 2.0
2320_6_1_2.00, 2.0
2321_250_1_0.62, 0.62
2322_7_1_2.00, 2.0
2323_9_1_2.00, 2.0
2324_201_1_0.74, 0.742188
2325_202_1_0.64, 0.638672
2326_301_1_0.61, 0.611328
2327_601_1_0.62, 0.625
2328_301_1_0.80, 0.8
2329_601_1_0.62, 0.625
2330_202_1_0.75, 0.75
2331_601_1_0.78, 0.78125
2333_4_1_2.00, 2.0
2334_601_1_0.76, 0.763672
2335_4_1_2.00, 2.0
2336_250_1_0.62, 0.625
2337_601_1_0.67, 0.673828
2338_203_1_0.71, 0.705078
2339_202_1_0.80, 0.802734
2340_6_1_2.00, 2.0
2341_202_1_0.67, 0.669922
2342_601_1_0.62, 0.625
2343_8_1_2.00, 2.0
2344_202_1_0.75, 0.748047
2346_202_1_0.76, 0.755859
2347_601_1_0.69, 0.691406
2348_601_1_0.58, 0.576172
2349_203_1_1.25, 1.25
2350_4_1_2.00, 2.0
2351_6_1_2.00, 2.0
2352_4_1_2.00, 2.0
2353_601_1_0.58, 0.576172
2354_201_1_0.63, 0.630859
2355_7_1_2.00, 2.0
2356_601_1_0.62, 0.625
2357_601_1_0.70, 0.695312
2358_201_1_0.73, 0.732422
2359_6_1_2.00, 2.0
2360_7_1_2.00, 2.0
2361_202_1_0.62, 0.625
2363_302_1_0.68, 0.683594
2364_601_1_0.68, 0.677734
2365_301_1_0.65, 0.654297
2366_7_1_2.00, 2.0
2367_601_1_0.60, 0.603516
2368_203_1_0.68, 0.675781
2369_601_1_0.85, 0.853516
2370_6_1_2.00, 2.0
2371_8_1_2.00, 2.0
2372_301_1_0.71, 0.710938
2373_601_1_0.73, 0.732422
2374_601_1_0.61, 0.611328
2375_601_1_0.65, 0.646484
2376_601_1_0.75, 0.746094
2377_203_1_0.68, 0.681641
2380_250_1_0.62, 0.62
2381_601_1_0.74, 0.736328
2382_12_1_2.00, 2.0
2383_601_1_0.68, 0.683594
2384_201_1_0.66, 0.65625
2385_201_1_0.62, 0.625
2386_202_1_0.64, 0.640625
2387_204_1_1.25, 1.25
2388_601_1_0.62, 0.625
2389_601_1_0.79, 0.791016
2390_7_1_2.00, 2.0
2391_301_1_0.73, 0.728516
2392_601_1_0.65, 0.652344
2393_300_1_0.73, 0.732422
2394_601_1_0.66, 0.662109
2395_4_1_2.00, 2.0
2396_231_1_1.00, 1.0
2397_601_1_0.63, 0.632812
2399_205_1_0.66, 0.65625
2400_601_1_0.86, 0.859375
2401_201_1_0.66, 0.658203
2402_202_1_0.65, 0.650391
2403_250_1_0.62, 0.62
2404_204_1_0.62, 0.625
2405_601_1_0.62, 0.625
2406_202_1_0.62, 0.625
2407_400_1_0.61, 0.609375
2408_601_1_0.62, 0.625
2409_601_1_0.75, 0.753906
2410_601_1_0.78, 0.775391
2411_601_1_0.62, 0.621094
2412_601_1_0.74, 0.740234
2413_201_1_0.63, 0.632812
2414_6_1_2.00, 2.0
2415_601_1_0.76, 0.761719
2416_203_1_0.59, 0.585938
2418_6_1_2.00, 2.0
2419_401_1_0.62, 0.625
2421_252_1_0.62, 0.62
2422_601_1_0.56, 0.564453
2423_202_1_0.68, 0.675781
2425_7_1_2.00, 2.0
2426_203_1_0.91, 0.914062
2427_8_1_2.00, 2.0
2428_601_1_0.78, 0.779297
2430_253_1_0.80, 0.8
2431_602_1_0.58, 0.578125
2432_2_1_2.00, 2.0
2433_201_1_0.66, 0.662109
2434_601_1_0.88, 0.878906
2435_601_1_0.76, 0.759766
2436_601_1_0.67, 0.671875
2437_7_1_2.00, 2.0
2438_203_1_0.80, 0.8
2440_4_1_2.00, 2.0
2442_301_1_0.64, 0.642578
2443_300_1_0.70, 0.703125
2444_601_1_0.72, 0.722656
2445_6_1_2.00, 2.0
2446_601_1_0.77, 0.767578
2447_602_1_0.98, 0.976562
2448_201_1_0.65, 0.646484
2449_4_1_2.00, 2.0
2451_250_1_0.80, 0.8
2452_301_1_0.71, 0.714844
2453_601_1_0.64, 0.638672
2454_6_1_2.00, 2.0
2455_601_1_0.70, 0.699219
2456_501_1_0.49, 0.488281
2457_201_1_0.78, 0.777344
2459_202_1_0.78, 0.783203
2460_601_1_0.63, 0.632812
2462_6_1_2.00, 2.0
2463_601_1_0.62, 0.625
2464_201_1_0.54, 0.539062
2465_606_1_0.84, 0.837891
2467_203_1_0.62, 0.625
2469_202_1_0.56, 0.564453
2470_4_1_2.00, 2.0
2471_4_1_2.00, 2.0
2472_4_1_2.00, 2.0
2473_601_1_0.65, 0.650391
2474_601_1_0.62, 0.625
2475_7_1_2.00, 2.0
2476_601_1_0.64, 0.640625
2477_7_1_2.00, 2.0
2478_4_1_2.00, 2.0
2480_201_1_0.68, 0.683594
2481_900_1_0.70, 0.703125
2482_250_1_0.80, 0.8
2483_301_1_0.79, 0.792969
2484_250_1_0.62, 0.625
2485_7_1_2.00, 2.0
2486_601_1_0.66, 0.662109
2487_601_1_0.55, 0.550781
2488_6_1_2.00, 2.0
2489_601_1_0.62, 0.625
2490_301_1_0.67, 0.669922
2491_4_1_2.00, 2.0
2492_601_1_0.54, 0.544922
2493_601_1_0.62, 0.617188
2495_601_1_0.66, 0.664062
2497_601_1_0.60, 0.597656
2498_300_1_0.77, 0.767578
2499_601_1_0.75, 0.746094
2500_202_1_0.69, 0.691406
2501_601_1_0.62, 0.625
2502_202_1_0.53, 0.533203
2503_601_1_0.74, 0.736328
2504_601_1_0.69, 0.6875
2505_601_1_0.74, 0.738281
2507_601_1_0.77, 0.767578
2508_601_1_0.66, 0.660156
2509_601_1_0.56, 0.556641
2510_203_1_0.59, 0.589844
2511_297_1_0.62, 0.625
2512_202_1_0.62, 0.625
2513_300_1_0.82, 0.820312
2514_303_1_0.62, 0.625
2515_601_1_0.62, 0.615234
2516_601_1_0.70, 0.701172
2518_10_1_2.00, 2.0
2519_301_1_0.73, 0.730469
2520_301_1_1.25, 1.25
2521_601_1_0.62, 0.623047
2522_601_1_0.74, 0.744141
2523_606_1_0.87, 0.873047
2524_301_1_0.64, 0.642578
2525_601_1_0.68, 0.677734
2526_601_1_0.59, 0.589844
2527_601_1_0.74, 0.742188
2528_601_1_0.70, 0.695312
2529_601_1_0.70, 0.695312
2530_201_1_0.70, 0.703125
2531_601_1_0.62, 0.625
2532_4_1_2.00, 2.0
2533_202_1_0.52, 0.519531
2534_251_1_0.62, 0.62
2535_602_1_0.62, 0.625
2536_201_1_0.63, 0.630859
2537_601_1_0.73, 0.730469
2538_4_1_2.00, 2.0
2540_201_1_0.80, 0.804688
2541_605_1_0.78, 0.78125
2543_104_1_0.98, 0.976562
2544_601_1_0.62, 0.625
2545_7_1_2.00, 2.0
2547_204_1_0.60, 0.597656
2548_201_1_0.62, 0.625
2550_8_1_2.00, 2.0
2551_602_1_0.78, 0.78125
2552_601_1_0.65, 0.654297
2553_8_1_2.00, 2.0
2554_250_1_0.62, 0.625
2555_252_1_0.62, 0.625
2556_300_1_0.59, 0.585938
2557_452_1_1.00, 1.0
2558_601_1_0.62, 0.625
2559_7_1_2.00, 2.0
2561_301_1_0.65, 0.646484
2562_4_1_2.00, 2.0
2563_601_1_0.64, 0.640625
2564_601_1_0.73, 0.726562
2567_601_1_0.73, 0.730469
2568_601_1_0.90, 0.896484
2569_601_1_0.70, 0.699219
2570_6_1_2.00, 2.0
2571_4_1_2.00, 2.0
2572_203_1_0.62, 0.615234
2573_601_1_0.62, 0.625
2574_601_1_0.63, 0.634766
2575_8_1_2.00, 2.0
2576_202_1_0.76, 0.759766
2577_9_1_2.00, 2.0
2578_252_1_0.62, 0.625
2579_250_1_0.62, 0.62
2580_601_1_0.76, 0.761719
2581_250_1_0.80, 0.8
2582_4_1_2.00, 2.0
2583_9_1_2.00, 2.0
2584_301_1_0.61, 0.611328
2586_8_1_2.00, 2.0
2588_601_1_0.67, 0.666016
2589_8_1_2.00, 2.0
2593_6_1_2.00, 2.0
2594_250_1_0.62, 0.62
2595_301_1_0.70, 0.703125
2596_605_1_0.63, 0.626953
2597_202_1_0.62, 0.625
2598_601_1_0.62, 0.625
2599_301_1_0.64, 0.642578
2600_6_1_2.00, 2.0
2601_601_1_0.63, 0.628906
2602_601_1_0.68, 0.679688
2603_4_1_2.00, 2.0
2604_202_1_0.59, 0.589844
2605_8_1_2.00, 2.0
2607_601_1_0.74, 0.742188
2608_601_1_0.73, 0.732422
2609_601_1_0.86, 0.863281
2610_601_1_0.62, 0.625
2611_202_1_0.62, 0.625
2612_204_1_0.69, 0.689453
2613_300_1_0.64, 0.644531
2614_601_1_0.62, 0.625
2615_601_1_0.67, 0.671875
2616_601_1_0.71, 0.712891
2617_301_1_0.78, 0.775391
2618_203_1_0.62, 0.617188
2619_351_1_0.62, 0.625
2620_201_1_0.69, 0.691406
2621_601_1_0.71, 0.707031
2622_7_1_2.00, 2.0
2623_600_1_0.80, 0.796875
2625_201_1_0.74, 0.744141
2626_601_1_0.69, 0.691406
2627_601_1_0.67, 0.667969
2628_601_1_0.60, 0.595703
2629_601_1_0.70, 0.703125
2630_202_1_0.67, 0.671875
2631_601_1_0.62, 0.625
2632_301_1_0.86, 0.861328
2633_202_1_0.65, 0.646484
2634_202_1_0.82, 0.820312
2635_601_1_0.65, 0.646484
2636_601_1_0.50, 0.5
2637_601_1_0.65, 0.646484
2638_601_1_0.98, 0.976562
2640_250_1_1.25, 1.25
2641_251_1_0.80, 0.8
2642_601_1_0.83, 0.826172
2643_601_1_0.78, 0.78125
2644_6_1_2.00, 2.0
2646_355_1_1.25, 1.25
2647_301_1_0.63, 0.630859
2648_204_1_0.75, 0.75
2649_301_1_1.25, 1.25
2650_202_1_0.60, 0.599609
2651_203_1_0.62, 0.625
2652_5_1_2.00, 2.0
2653_104_1_0.63, 0.634766
2654_601_1_0.75, 0.75
2655_5_1_2.00, 2.0
2656_6_1_2.00, 2.0
2657_601_1_0.77, 0.767578
2659_202_1_0.70, 0.697266
2660_202_1_0.98, 0.976562
2661_601_1_0.86, 0.857422
2662_601_1_0.57, 0.572266
2663_5_1_2.00, 2.0
2664_202_1_0.55, 0.550781
2665_6_1_2.00, 2.0
2666_8_1_2.00, 2.0
2667_6_1_2.00, 2.0
2669_601_1_0.86, 0.859375
2671_4_1_2.00, 2.0
2672_601_1_0.72, 0.724609
2673_4_1_2.00, 2.0
2674_301_1_0.71, 0.705078
2676_601_1_0.86, 0.857422
2677_605_1_0.69, 0.693359
2678_4_1_2.00, 2.0
2679_301_1_0.50, 0.5
2680_2_1_2.00, 2.0
2681_601_1_0.95, 0.951172
2682_555_1_1.25, 1.25
2683_204_1_0.80, 0.8
2684_601_1_0.77, 0.773438
2685_401_1_0.63, 0.626953
2686_601_1_0.71, 0.708984
2687_202_1_0.62, 0.625
2688_601_1_0.60, 0.599609
2689_203_1_0.59, 0.589844
2690_606_1_0.71, 0.714844
2691_601_1_0.69, 0.6875
2692_202_1_0.55, 0.552734
2693_6_1_2.00, 2.0
2694_8_1_2.00, 2.0
2695_203_1_0.77, 0.769531
2696_400_1_0.84, 0.839844
2697_7_1_2.00, 2.0
2698_601_1_0.55, 0.554688
2699_601_1_0.72, 0.720703
2700_601_1_0.62, 0.619141
2701_205_1_0.68, 0.683594
2702_601_1_0.62, 0.625
2703_601_1_0.64, 0.642578
2704_301_1_0.76, 0.755859
2705_4_1_2.00, 2.0
2706_601_1_0.70, 0.703125
2707_601_1_0.94, 0.9375
2708_601_1_0.73, 0.726562
2709_6_1_2.00, 2.0
2710_605_1_0.81, 0.8125
2711_601_1_0.62, 0.625
2712_601_1_0.67, 0.666016
2713_202_1_0.59, 0.591797
2714_601_1_0.62, 0.625
2715_201_1_0.66, 0.664062
2716_201_1_0.98, 0.976562
2717_201_1_0.61, 0.611328
2718_601_1_0.64, 0.638672
2719_203_1_0.65, 0.650391
2722_601_1_0.83, 0.826172
2723_601_1_0.66, 0.664062
2724_601_1_0.62, 0.625
2725_201_1_0.62, 0.625
2726_601_1_0.59, 0.585938
2727_601_1_0.79, 0.794922
2729_601_1_0.70, 0.697266
2730_6_1_2.00, 2.0
2731_250_1_0.80, 0.8
2733_301_1_0.66, 0.662109
2734_601_1_0.72, 0.724609
2735_2_1_2.00, 2.0
2736_601_1_0.74, 0.736328
2737_301_1_0.75, 0.746094
2738_300_1_0.72, 0.716797
2740_301_1_0.80, 0.8
2741_601_1_0.62, 0.625
2742_601_1_0.62, 0.625
2743_202_1_0.55, 0.546875
2744_202_1_0.63, 0.626953
2746_601_1_0.61, 0.613281
2747_7_1_2.00, 2.0
2748_601_1_0.73, 0.726562
2749_601_1_0.68, 0.679688
2750_601_1_0.62, 0.625
2752_301_1_0.67, 0.671875
2753_601_1_0.60, 0.595703
2755_202_1_0.61, 0.609375
2756_601_1_0.69, 0.691406
2757_601_1_0.63, 0.632812
2758_201_1_0.78, 0.777344
2759_601_1_0.63, 0.626953
2760_202_1_0.58, 0.576172
2761_601_1_0.69, 0.691406
2762_601_1_0.63, 0.630859
2763_601_1_0.60, 0.601562
2764_601_1_0.68, 0.683594
2765_202_1_0.62, 0.625
2766_202_1_0.67, 0.667969
2767_601_1_0.67, 0.669922
2768_10_1_2.00, 2.0
2769_9_1_2.00, 2.0
2771_601_1_0.62, 0.625
2772_301_1_0.62, 0.625
2773_204_1_0.62, 0.625
2774_250_1_0.62, 0.62
2775_6_1_2.00, 2.0
2776_601_1_0.62, 0.621094
2777_8_1_2.00, 2.0
2778_7_1_2.00, 2.0
2779_601_1_0.67, 0.671875
2780_201_1_0.77, 0.767578
2781_301_1_0.50, 0.5
2782_605_1_0.83, 0.832031
2783_604_1_0.55, 0.548828
2784_601_1_0.62, 0.621094
2785_250_1_0.62, 0.625
2786_601_1_0.59, 0.591797
2787_8_1_2.00, 2.0
2788_201_1_0.65, 0.648438
2789_301_1_0.62, 0.62
2790_601_1_0.56, 0.560547
2791_202_1_0.68, 0.677734
2792_250_1_0.62, 0.625
2793_601_1_0.62, 0.617188
2794_4_1_2.00, 2.0
2796_601_1_0.69, 0.691406
2797_601_1_0.62, 0.625
2798_9_1_2.00, 2.0
2801_201_1_0.66, 0.664062
2802_601_1_0.73, 0.734375
2803_602_1_0.74, 0.742188
2804_601_1_0.76, 0.761719
2805_602_1_0.57, 0.574219
2806_201_1_0.60, 0.599609
2807_601_1_0.93, 0.933594
2808_601_1_0.77, 0.773438
2809_601_1_0.77, 0.769531
2810_202_1_0.61, 0.613281
2811_451_1_0.65, 0.648438
2812_601_1_0.60, 0.601562
2813_601_1_0.75, 0.748047
2814_301_1_0.65, 0.650391
2815_300_1_0.81, 0.810547
2816_353_1_0.63, 0.630859
2817_601_1_0.63, 0.632812
2818_605_1_0.83, 0.832031
2820_7_1_2.00, 2.0
2821_601_1_0.66, 0.660156
2822_4_1_2.00, 2.0
2823_250_1_0.62, 0.62
2824_202_1_0.80, 0.8
2826_6_1_2.00, 2.0
2827_250_1_0.80, 0.8
2828_601_1_0.55, 0.552734
2829_301_1_0.68, 0.679688
2832_250_1_0.62, 0.62
2833_605_1_0.67, 0.671875
2834_201_1_0.71, 0.712891
2835_301_1_0.62, 0.625
2837_601_1_0.71, 0.714844
2838_301_1_0.73, 0.732422
2839_601_1_0.79, 0.794922
2840_202_1_0.59, 0.591797
2841_201_1_0.76, 0.761719
2842_201_1_0.70, 0.695312
2843_1101_1_0.74, 0.740234
2844_601_1_0.62, 0.617188
2845_202_1_0.71, 0.705078
2846_500_1_0.88, 0.878906
2847_601_1_0.51, 0.505859
2848_301_1_0.52, 0.523438
2849_250_1_0.80, 0.8
2851_4_1_2.00, 2.0
2852_202_1_0.57, 0.570312
2853_301_1_0.69, 0.685547
2854_8_1_2.00, 2.0
2855_601_1_0.73, 0.726562
2856_601_1_0.71, 0.710938
2857_350_1_0.62, 0.625
2858_7_1_2.00, 2.0
2859_451_1_1.00, 1.0
2860_6_1_2.00, 2.0
2861_4_1_2.00, 2.0
2862_601_1_0.62, 0.625
2863_301_1_0.54, 0.535156
2864_601_1_0.75, 0.748047
2866_7_1_2.00, 2.0
2867_601_1_0.62, 0.625
2869_250_1_0.62, 0.62
2870_7_1_2.00, 2.0
2871_601_1_0.76, 0.763672
2872_202_1_0.69, 0.689453
2873_601_1_0.74, 0.738281
2874_2_1_2.00, 2.0
2875_604_1_0.63, 0.632812
2877_202_1_0.62, 0.625
2878_601_1_0.62, 0.625
2880_601_1_0.62, 0.625
2881_601_1_0.74, 0.738281
2882_203_1_0.62, 0.625
2884_601_1_0.68, 0.683594
2885_7_1_2.00, 2.0
2887_601_1_0.60, 0.595703
2888_202_1_0.62, 0.62
2889_601_1_0.75, 0.75
2890_4_1_2.00, 2.0
2891_601_1_0.68, 0.681641
2892_7_1_2.00, 2.0
2893_6_1_2.00, 2.0
2894_202_1_0.71, 0.712891
2895_204_1_0.62, 0.625
2896_4_1_2.00, 2.0
2898_202_1_0.80, 0.8
2899_601_1_0.65, 0.654297
2900_250_1_0.59, 0.587891
2901_202_1_0.62, 0.621094
2902_601_1_0.74, 0.742188
2903_6_1_2.00, 2.0
2904_601_1_0.67, 0.669922
2905_250_1_0.80, 0.8
2906_202_1_0.62, 0.62
2907_301_1_0.50, 0.5
2908_601_1_0.65, 0.650391
2909_601_1_0.70, 0.697266
2910_601_1_0.58, 0.580078
2911_601_1_0.55, 0.550781
2912_302_1_1.25, 1.25
2913_202_1_0.65, 0.650391
2914_601_1_0.77, 0.765625
2915_16_1_2.00, 2.0
2917_601_1_0.70, 0.703125
2918_601_1_0.72, 0.716797
2919_7_1_2.00, 2.0
2920_202_1_0.64, 0.640625
2921_601_1_0.69, 0.6875
2922_254_1_0.62, 0.62
2923_202_1_0.68, 0.681641
2924_601_1_0.65, 0.648438
2925_601_1_0.56, 0.5625
2926_202_1_0.58, 0.578125
2927_202_1_0.62, 0.625
2928_10_1_2.00, 2.0
2929_9_1_2.00, 2.0
2930_201_1_0.66, 0.660156
2931_6_1_2.00, 2.0
2932_104_1_0.66, 0.664062
2933_205_1_0.62, 0.625
2936_601_1_0.64, 0.644531
2937_601_1_0.66, 0.664062
2938_203_1_0.62, 0.625
2939_202_1_0.77, 0.767578
2940_6_1_2.00, 2.0
2941_601_1_0.76, 0.759766
2942_601_1_0.79, 0.785156
2943_250_1_0.62, 0.625
2944_201_1_0.58, 0.582031
