4346_4_1_2, 0, 0.9347912073135376
5713_4_1_2, 0, 0.9129589200019836
3722_4_1_2, 0, 0.8923977613449097
1784_4_1_1, 0, 0.8794233202934265
23_5_1_2, 0, 0.8787989616394043
4349_4_1_2, 0, 0.8667857050895691
67_5_1_2, 0, 0.8187689781188965
2321_4_1_2, 0, 0.8185545206069946
71_4_1_1, 0, 0.8157579302787781
5733_4_1_2, 0, 0.8104308247566223
776_4_1_1, 0, 0.8061297535896301
1841_7_1_1, 0, 0.7974971532821655
69_6_1_1, 0, 0.7863735556602478
1214_4_1, 0, 0.7819334268569946
778_6_1_1, 0, 0.7670050263404846
2649_8_1_2, 0, 0.7511395215988159
5717_4_1_2, 0, 0.7497429847717285
3728_3_1_2, 0, 0.7281229496002197
5363_5_1_2, 0, 0.7218843698501587
618_4_1_2, 0, 0.7112375497817993
1278_5_1, 0, 0.7108595967292786
2141_4_1_2, 0, 0.7056452631950378
4117_2_1_2, 0, 0.6876058578491211
5759_5_1_2, 0, 0.6691014766693115
4097_2_1_2, 0, 0.6669559478759766
3301_3_1_2, 0, 0.6588456034660339
759_4_1, 0, 0.6544621586799622
1003_2_1, 0, 0.6521144509315491
3273_4_1_2, 0, 0.6444141864776611
772_2_1, 0, 0.6441555023193359
3347_2_1_2, 0, 0.641445517539978
5466_4_1_2, 0, 0.6303228735923767
671_2_1, 0, 0.6268453001976013
3105_4_1_2, 0, 0.6138172149658203
1277_4_1, 0, 0.6026982665061951
75_7_1_1, 0, 0.5895264744758606
777_2_1_1, 0, 0.5884837508201599
2970_11_1_2, 0, 0.5876103043556213
5118_2_1_2, 0, 0.5864017605781555
1000_2_1_1, 0, 0.5862056016921997
5457_4_1_2, 0, 0.585066556930542
1044_4_1, 0, 0.5765272378921509
1004_4_1_1, 0, 0.5724489092826843
1044_3_1_1, 0, 0.5700234174728394
773_4_1, 0, 0.5694324374198914
5755_2_1_2, 0, 0.5650920867919922
1941_2_1_1, 0, 0.5614895224571228
5344_4_1_2, 0, 0.547472357749939
4361_2_1_2, 0, 0.5445981621742249
79_6_1, 0, 0.5432040691375732
1024_5_1_1, 0, 0.5250164270401001
68_2_1_1, 0, 0.5193248987197876
4644_6_1_2, 0, 0.5157358050346375
753_2_1_2, 0, 0.5150028467178345
770_4_1_1, 0, 0.5145240426063538
4544_3_1_2, 0, 0.5103912353515625
3107_3_1_2, 0, 0.5077641606330872
65_2_1_2, 0, 0.5030960440635681
5484_2_1_2, 0, 0.49939364194869995
2081_2_1_2, 0, 0.495171457529068
1007_3_1_1, 0, 0.49292078614234924
1844_4_1_1, 0, 0.4918003976345062
1_2_1_2, 0, 0.4814903140068054
5346_2_1_2, 0, 0.47893351316452026
2491_6_1_2, 0, 0.46666866540908813
2388_3_1_2, 0, 0.46569472551345825
4307_2_1_2, 0, 0.4638230800628662
1785_2_1_1, 0, 0.45577898621559143
4151_2_1_2, 0, 0.4535531997680664
2144_5_1_2, 0, 0.45311442017555237
1007_700_1_1, 0, 0.4478180408477783
1929_4_1_2, 0, 0.44291162490844727
4951_2_1_2, 0, 0.440842866897583
5716_2_1_2, 0, 0.44067221879959106
1004_2_1, 0, 0.44066959619522095
3318_6_1_2, 0, 0.4400274157524109
506_3_1_1, 0, 0.4368384778499603
1783_2_1_1, 0, 0.4361349940299988
899_4_1_1, 0, 0.4352985918521881
1003_2_1_1, 0, 0.4333162307739258
504_3_1_1, 0, 0.43262726068496704
502_2_1, 0, 0.4320710599422455
4131_7_1_2, 0, 0.43165603280067444
1041_4_1_2, 0, 0.4306926727294922
1028_2_1_2, 0, 0.4301331639289856
3868_2_1_2, 0, 0.4282560348510742
4110_2_1_2, 0, 0.4276100993156433
4159_4_1_2, 0, 0.426818311214447
1279_3_1_2, 0, 0.425393283367157
1218_301_1, 0, 0.4200686514377594
4937_2_1_2, 0, 0.41966795921325684
1219_2_1_2, 0, 0.41627949476242065
505_4_1_1, 0, 0.4128171503543854
2957_5_1_2, 0, 0.41226544976234436
71_3_1_2, 0, 0.4102102816104889
3108_2_1_2, 0, 0.4099162518978119
1823_7_1_1, 0, 0.408552885055542
3860_2_1_2, 0, 0.4082318842411041
2666_3_1_2, 0, 0.40274152159690857
4541_2_1_2, 0, 0.395791620016098
738_2_1_1, 0, 0.39531952142715454
2605_3_1_2, 0, 0.3903175890445709
3598_2_1_2, 0, 0.389476478099823
70_2_1_1, 0, 0.38631471991539
4302_2_1_2, 0, 0.38524919748306274
1214_2_1_2, 0, 0.3839600682258606
1868_3_1_1, 0, 0.3816201090812683
2168_2_1_2, 0, 0.37957334518432617
508_3_1, 0, 0.3792659640312195
2627_2_1_2, 0, 0.3776814639568329
5719_2_1_2, 0, 0.3750529885292053
4139_2_1_2, 0, 0.3721122741699219
4136_2_1_2, 0, 0.37208306789398193
1869_8_1_1, 0, 0.37006089091300964
773_2_1_1, 0, 0.3697088956832886
1007_4_1, 0, 0.3691393733024597
1257_2_1_1, 0, 0.3638979494571686
638_2_1, 0, 0.36371222138404846
1219_4_1, 0, 0.3632669448852539
1788_4_1_2, 0, 0.3617749512195587
73_2_1, 0, 0.3596566319465637
632_4_1, 0, 0.35909003019332886
4305_3_1_2, 0, 0.3585529625415802
1005_2_1, 0, 0.35110676288604736
2021_2_1_2, 0, 0.3493107855319977
4687_3_1_2, 0, 0.3466799855232239
5342_2_1_2, 0, 0.34638267755508423
756_2_1_2, 0, 0.3463248014450073
147_3_1, 0, 0.3425368666648865
638_2_1_2, 0, 0.3402544856071472
2629_8_1_2, 0, 0.3395366668701172
4113_2_1_2, 0, 0.33912986516952515
1822_601_1_2, 0, 0.3378905951976776
3255_2_1_2, 0, 0.33350569009780884
5692_2_1_2, 0, 0.33033329248428345
1255_2_1, 0, 0.32854074239730835
3487_2_1_2, 0, 0.3284375071525574
4504_3_1_2, 0, 0.32805004715919495
501_4_1_1, 0, 0.3259970247745514
1276_2_1_2, 0, 0.3234909772872925
1840_2_1_1, 0, 0.31501710414886475
3869_2_1_2, 0, 0.31420961022377014
5718_2_1_2, 0, 0.3111337721347809
68_2_1_2, 0, 0.310859352350235
1863_2_1_1, 0, 0.31085672974586487
78_6_1_2, 0, 0.31082791090011597
2955_2_1_2, 0, 0.31011122465133667
753_2_1, 0, 0.3081434369087219
3577_2_1_2, 0, 0.30759328603744507
2325_2_1_2, 0, 0.3075351417064667
1278_2_1_2, 0, 0.3069087862968445
1043_2_1_2, 0, 0.3058830201625824
508_4_1_1, 0, 0.3057277798652649
1492_2_1_1, 0, 0.30469372868537903
3726_2_1_2, 0, 0.3023644983768463
1861_2_1_2, 0, 0.2993578016757965
5736_2_1_2, 0, 0.2980045676231384
610_3_1, 0, 0.29578033089637756
4343_13_1_2, 0, 0.2950332760810852
671_6_1_1, 0, 0.2941892743110657
2324_5_1_2, 0, 0.29401224851608276
1785_2_1_2, 0, 0.29359278082847595
675_4_1, 0, 0.2934255599975586
4971_2_1_2, 0, 0.29271820187568665
5090_2_1_2, 0, 0.2923745810985565
750_2_1_1, 0, 0.2905799150466919
3121_2_1_2, 0, 0.2888895273208618
2602_3_1_2, 0, 0.284423291683197
1250_5_1_2, 0, 0.2843652367591858
1005_2_1_1, 0, 0.2809521555900574
75_2_1, 0, 0.28002041578292847
1788_2_1_1, 0, 0.2777206003665924
2599_2_1_2, 0, 0.2750747799873352
4154_2_1_2, 0, 0.2715606391429901
5_2_1_1, 0, 0.2671540677547455
756_2_1, 0, 0.265102744102478
1048_2_1_1, 0, 0.26345154643058777
3314_2_1_2, 0, 0.2631951868534088
770_2_1, 0, 0.26311951875686646
5719_7_1_2, 0, 0.2595464885234833
1842_2_1_2, 0, 0.25760746002197266
2168_7_1_2, 0, 0.25673478841781616
1821_2_1_2, 0, 0.25553563237190247
3599_2_1_2, 0, 0.25473952293395996
778_2_1, 0, 0.25431954860687256
1006_2_1_1, 0, 0.2532235085964203
4308_2_1_2, 0, 0.24947378039360046
895_2_1, 0, 0.248597651720047
61_2_1, 0, 0.24610622227191925
2101_2_1_2, 0, 0.2418457716703415
3254_2_1_2, 0, 0.24154815077781677
895_2_1_1, 0, 0.24103336036205292
617_5_1, 0, 0.24047783017158508
505_2_1, 0, 0.23985028266906738
2105_4_1_2, 0, 0.23980727791786194
775_2_1_1, 0, 0.23863175511360168
618_2_1, 0, 0.23826074600219727
500_2_1_1, 0, 0.23659756779670715
2976_2_1_2, 0, 0.23645667731761932
1279_2_1_1, 0, 0.23608580231666565
752_2_1, 0, 0.2348524034023285
1002_2_1, 0, 0.23342761397361755
5712_2_1_2, 0, 0.23341591656208038
2084_6_1_2, 0, 0.2327648401260376
678_2_1, 0, 0.23233652114868164
2665_2_1_2, 0, 0.2312292605638504
617_2_1_2, 0, 0.23027455806732178
5117_2_1_2, 0, 0.23013274371623993
1861_2_1_1, 0, 0.22833684086799622
752_2_1_2, 0, 0.22824761271476746
2146_2_1_2, 0, 0.22743698954582214
4135_4_1_2, 0, 0.22706124186515808
892_2_1_1, 0, 0.22597801685333252
4509_2_1_2, 0, 0.2245239019393921
757_2_1, 0, 0.22294214367866516
1271_2_1, 0, 0.2221398800611496
1041_4_1_1, 0, 0.22106075286865234
60_3_1_1, 0, 0.2196284979581833
3486_2_1_2, 0, 0.21949012577533722
1005_2_1_2, 0, 0.21781668066978455
4363_3_1_2, 0, 0.21760542690753937
1829_2_1_1, 0, 0.21686145663261414
4974_2_1_2, 0, 0.21640007197856903
1849_2_1_1, 0, 0.21623580157756805
2625_10_1_2, 0, 0.21578240394592285
5464_3_1_2, 0, 0.21576830744743347
5735_2_1_2, 0, 0.21513357758522034
1021_2_1_2, 0, 0.2142464816570282
1520_2_1_2, 0, 0.21411149203777313
5699_2_1_2, 0, 0.21254336833953857
62_2_1_1, 0, 0.2122759073972702
2384_2_1_2, 0, 0.21188171207904816
4561_3_1_2, 0, 0.2116803228855133
79_13_1, 0, 0.21143612265586853
1529_3_1_1, 0, 0.21123668551445007
1941_2_1_2, 0, 0.210414856672287
3482_2_1_2, 0, 0.20854036509990692
3127_2_1_2, 0, 0.2083861380815506
2595_2_1_2, 0, 0.2082713097333908
670_2_1, 0, 0.20680347084999084
1041_2_1, 0, 0.2035704404115677
3106_2_1_2, 0, 0.2034941166639328
503_2_1_1, 0, 0.20328107476234436
2626_2_1_2, 0, 0.20288577675819397
500_7_1_2, 0, 0.20269043743610382
504_2_1_2, 0, 0.20229172706604004
3444_2_1_2, 0, 0.2019265592098236
637_2_1_2, 0, 0.1994118094444275
2082_10_1_2, 0, 0.1980055719614029
750_2_1, 0, 0.19796831905841827
756_2_1_1, 0, 0.19673582911491394
1259_2_1_1, 0, 0.19662275910377502
1218_4_1_1, 0, 0.19622184336185455
64_2_1_2, 0, 0.1960766315460205
4549_2_1_2, 0, 0.19398699700832367
1271_3_1_1, 0, 0.19391009211540222
1026_2_1, 0, 0.19041335582733154
776_4_1, 0, 0.18902161717414856
2085_2_1_2, 0, 0.1877356916666031
78_2_1_1, 0, 0.18720975518226624
1617_2_1_1, 0, 0.1867980808019638
738_2_1_2, 0, 0.18679258227348328
610_2_1_1, 0, 0.18608327209949493
2609_3_1_2, 0, 0.18566827476024628
4347_2_1_2, 0, 0.1851421296596527
5139_2_1_2, 0, 0.185074582695961
1565_2_1_2, 0, 0.18440014123916626
1842_2_1_1, 0, 0.18377692997455597
4090_9_1_2, 0, 0.1834619641304016
3333_102_1_2, 0, 0.18343830108642578
894_3_1, 0, 0.18299254775047302
896_2_1_1, 0, 0.1825098991394043
2620_2_1_2, 0, 0.18166136741638184
2364_601_1_2, 0, 0.18127693235874176
5135_8_1_2, 0, 0.1801200807094574
5452_2_1_2, 0, 0.17899419367313385
3573_2_1_2, 0, 0.17795830965042114
775_3_1, 0, 0.17780360579490662
1801_2_1_1, 0, 0.17537084221839905
5469_2_1_2, 0, 0.17471255362033844
3002_2_1_2, 0, 0.17405661940574646
4568_2_1_2, 0, 0.17385992407798767
1866_601_1_1, 0, 0.17300628125667572
1259_2_1_2, 0, 0.17117157578468323
637_2_1, 0, 0.16922184824943542
2383_16_1_2, 0, 0.16919392347335815
1257_2_1_2, 0, 0.16900861263275146
2647_2_1_2, 0, 0.1684829294681549
4137_2_1_2, 0, 0.16814306378364563
147_2_1_1, 0, 0.16803155839443207
617_4_1_1, 0, 0.16789382696151733
4683_8_1_2, 0, 0.16762182116508484
4114_2_1_2, 0, 0.16756942868232727
4506_2_1_2, 0, 0.1666509360074997
3721_3_1_2, 0, 0.1662960946559906
1214_2_1_1, 0, 0.1649785339832306
509_2_1_1, 0, 0.1646215170621872
1845_4_1_1, 0, 0.16417381167411804
5488_6_1_2, 0, 0.1635947823524475
619_2_1_2, 0, 0.161821186542511
506_2_1_2, 0, 0.15972988307476044
1_2_1, 0, 0.15875276923179626
1214_7_1_1, 0, 0.15795861184597015
1784_2_1_2, 0, 0.15740536153316498
3338_2_1_2, 0, 0.1562223583459854
63_3_1_1, 0, 0.1554739624261856
4689_4_1_2, 0, 0.15509508550167084
1195_2_1, 0, 0.15504823625087738
3102_2_1_2, 0, 0.15411211550235748
503_2_1, 0, 0.15375162661075592
5091_2_1_2, 0, 0.15266700088977814
1043_9_1, 0, 0.15195201337337494
1922_2_1_1, 0, 0.14950686693191528
4703_3_1_2, 0, 0.14875483512878418
1844_2_1_2, 0, 0.14810635149478912
752_7_1_2, 0, 0.14790037274360657
23_2_1, 0, 0.1467064619064331
63_4_1, 0, 0.14522430300712585
2959_2_1_2, 0, 0.1444822996854782
5711_2_1_2, 0, 0.14445427060127258
674_2_1, 0, 0.1441517323255539
2167_601_1_2, 0, 0.14336514472961426
147_2_1_2, 0, 0.14313194155693054
1524_2_1_2, 0, 0.14303632080554962
1047_2_1, 0, 0.14264699816703796
506_2_1_1, 0, 0.1423588991165161
2365_2_1_2, 0, 0.14198602735996246
4115_2_1_2, 0, 0.1412552446126938
638_2_1_1, 0, 0.1407068967819214
1826_2_1_2, 0, 0.14043620228767395
1216_2_1_1, 0, 0.14039579033851624
1047_2_1_1, 0, 0.14021486043930054
616_2_1, 0, 0.13960161805152893
2958_2_1_2, 0, 0.1390579640865326
69_9_1_2, 0, 0.13657929003238678
751_2_1_1, 0, 0.13649530708789825
5754_2_1_2, 0, 0.13559690117835999
4609_3_1_2, 0, 0.13485853374004364
676_4_1, 0, 0.1348302960395813
670_2_1_1, 0, 0.13321292400360107
1499_2_1_1, 0, 0.13089421391487122
1786_2_1_1, 0, 0.13056208193302155
4540_3_1_2, 0, 0.12989872694015503
5731_3_1_2, 0, 0.12963004410266876
2221_2_1_2, 0, 0.12824849784374237
678_6_1_1, 0, 0.12731075286865234
1001_2_1_1, 0, 0.12673218548297882
619_5_1_1, 0, 0.125887930393219
772_2_1_1, 0, 0.1251252144575119
5736_3_1_2, 0, 0.12451543658971786
3106_3_1_2, 0, 0.12400881201028824
2086_2_1_2, 0, 0.12199127674102783
2495_2_1_2, 0, 0.12070997804403305
3483_2_1_2, 0, 0.11995236575603485
4096_2_1_2, 0, 0.11965353786945343
4955_2_1_2, 0, 0.11950771510601044
778_2_1_2, 0, 0.11788960546255112
3128_2_1_2, 0, 0.1165487989783287
75_2_1_2, 0, 0.11606918275356293
1843_2_1_1, 0, 0.11525557935237885
3488_3_1_2, 0, 0.11484618484973907
4977_2_1_2, 0, 0.11482834815979004
3780_3_1_2, 0, 0.11479513347148895
2621_2_1_2, 0, 0.11466313898563385
77_2_1, 0, 0.11445176601409912
76_2_1, 0, 0.11375604569911957
2757_2_1_2, 0, 0.11354430019855499
2490_2_1_2, 0, 0.11264868825674057
1021_2_1, 0, 0.11250648647546768
2971_2_1_2, 0, 0.11227943748235703
1254_2_1_1, 0, 0.11199350655078888
1276_2_1_1, 0, 0.11188840866088867
1009_2_1_1, 0, 0.11136583983898163
1001_2_1, 0, 0.1112843006849289
3849_2_1_2, 0, 0.1107366532087326
2104_3_1_2, 0, 0.1103501096367836
3103_2_1_2, 0, 0.11028079688549042
5_2_1_2, 0, 0.10955963283777237
2604_2_1_2, 0, 0.10662557929754257
2361_2_1_2, 0, 0.10657433420419693
4547_3_1_2, 0, 0.10624877363443375
2972_2_1_2, 0, 0.10570073127746582
5756_2_1_2, 0, 0.10559473186731339
4348_3_1_2, 0, 0.10532836616039276
3127_7_1_2, 0, 0.10445909202098846
1867_2_1_1, 0, 0.10440148413181305
675_2_1_2, 0, 0.10380252450704575
4564_2_1_2, 0, 0.10129667818546295
65_2_1_1, 0, 0.10119519382715225
5_4_1, 0, 0.10098137706518173
5732_2_1_2, 0, 0.10081180185079575
3343_2_1_2, 0, 0.10054673254489899
752_2_1_1, 0, 0.09877490252256393
890_2_1, 0, 0.09768755733966827
1845_2_1_2, 0, 0.09677116572856903
4368_3_1_2, 0, 0.09600229561328888
5132_3_1_2, 0, 0.09466301649808884
60_2_1, 0, 0.09273333102464676
61_2_1_1, 0, 0.09265588223934174
1218_2_1, 0, 0.09217606484889984
502_3_1_1, 0, 0.09212882071733475
758_3_1, 0, 0.09161578118801117
5695_4_1_2, 0, 0.09141741693019867
1043_2_1_1, 0, 0.09107695519924164
23_3_1_1, 0, 0.09076263010501862
5587_2_1_2, 0, 0.08961772173643112
1006_4_1_2, 0, 0.08945384621620178
5712_3_1_2, 0, 0.08869020640850067
4300_2_1_2, 0, 0.08615624904632568
3866_5_1_2, 0, 0.08606106787919998
64_3_1, 0, 0.08519753813743591
4369_601_1_2, 0, 0.08500279486179352
72_3_1_2, 0, 0.08420522511005402
1026_2_1_1, 0, 0.08351074159145355
1929_9_1_1, 0, 0.08348667621612549
2103_3_1_2, 0, 0.08143167942762375
3121_3_1_2, 0, 0.081145741045475
2381_2_1_2, 0, 0.07858535647392273
2624_2_1_2, 0, 0.07833612710237503
5091_7_1_2, 0, 0.07805340737104416
2169_4_1_2, 0, 0.0779537484049797
2625_8_1_2, 0, 0.07792883366346359
1494_2_1_1, 0, 0.07774921506643295
4303_2_1_2, 0, 0.0765882059931755
1826_2_1_1, 0, 0.07656103372573853
3842_2_1_2, 0, 0.07515550404787064
898_2_1, 0, 0.07512414455413818
891_2_1_2, 0, 0.07437022030353546
69_2_1, 0, 0.07391072809696198
5233_4_1_2, 0, 0.07253087311983109
759_5_1_1, 0, 0.071512870490551
506_6_1, 0, 0.07095573842525482
1028_2_1_1, 0, 0.0709102526307106
1000_2_1, 0, 0.07090732455253601
67_2_1, 0, 0.07026155292987823
3480_2_1_2, 0, 0.06990623474121094
1735_2_1_1, 0, 0.0698113963007927
5735_7_1_2, 0, 0.06976322084665298
4304_2_1_2, 0, 0.06944002956151962
5753_2_1_2, 0, 0.06836901605129242
1250_2_1_1, 0, 0.06716291606426239
771_3_1, 0, 0.06505607813596725
1494_3_1_2, 0, 0.06463351100683212
1821_2_1_1, 0, 0.06175214797258377
1820_2_1_1, 0, 0.060961879789829254
1520_2_1_1, 0, 0.06013113260269165
1820_2_1_2, 0, 0.060073960572481155
1217_2_1, 0, 0.059879738837480545
5754_7_1_2, 0, 0.05948648601770401
3124_2_1_2, 0, 0.058463484048843384
2100_2_1_2, 0, 0.05657441169023514
1254_2_1_2, 0, 0.054610949009656906
1279_2_1, 0, 0.0540512390434742
4549_6_1_2, 0, 0.053899019956588745
2646_2_1_2, 0, 0.053450487554073334
2366_2_1_2, 0, 0.05131910368800163
1_2_1_1, 0, 0.05112536624073982
1277_2_1_2, 0, 0.050937097519636154
4503_2_1_2, 0, 0.05053555220365524
3483_7_1_2, 0, 0.04976577311754227
3326_2_1_2, 0, 0.04969247430562973
753_2_1_1, 0, 0.04871697351336479
3290_2_1_2, 0, 0.047802314162254333
65_2_1, 0, 0.04696127772331238
1492_2_1_2, 0, 0.044633764773607254
4548_3_1_2, 0, 0.04458281025290489
1829_2_1_2, 0, 0.04281697794795036
1907_2_1_2, 0, 0.04248153045773506
4157_2_1_2, 0, 0.04122522845864296
5094_2_1_2, 0, 0.040578559041023254
3729_2_1_2, 0, 0.03905351087450981
3481_2_1_2, 0, 0.03683454915881157
77_7_1, 0, 0.03604096919298172
1277_3_1_1, 0, 0.03551127761602402
1849_2_1_2, 0, 0.0340370312333107
5139_7_1_2, 0, 0.03337155655026436
1255_2_1_1, 0, 0.03304800018668175
758_2_1_1, 0, 0.03286418691277504
500_2_1, 0, 0.031242817640304565
64_3_1_2, 0, 0.03091599978506565
2108_2_1_2, 0, 0.02937248907983303
2147_2_1_2, 0, 0.029259255155920982
1929_17_1_1, 0, 0.027508527040481567
1257_2_1, 0, 0.02556351199746132
62_2_1_2, 0, 0.025412771850824356
890_3_1_2, 0, 0.024599630385637283
677_2_1_1, 0, 0.021347833797335625
4505_2_1_2, 0, 0.020639099180698395
4684_2_1_2, 0, 0.018721789121627808
5718_7_1_2, 0, 0.01817924715578556
1781_2_1_1, 0, 0.017231889069080353
64_2_1_1, 0, 0.01385738980025053
1841_2_1_2, 0, 0.013202719390392303
1842_7_1_2, 0, 0.006395929493010044
5586_6_1_2, 0, 0.0014850946608930826
147_7_1_1, 0, 0.0014420849038287997
711_4_1_2, 1, 0.9910866618156433
2591_4_1_2, 1, 0.9852369427680969
1963_4_1_2, 1, 0.9839652180671692
4156_4_1_2, 1, 0.9804169535636902
4714_4_1_2, 1, 0.9635164141654968
4344_4_1_2, 1, 0.9605647325515747
777_4_1_2, 1, 0.9583854675292969
2163_4_1_2, 1, 0.9430182576179504
1213_4_1_2, 1, 0.9335466623306274
1920_4_1_2, 1, 0.9278278350830078
2148_4_1_2, 1, 0.9188798069953918
4155_4_1_2, 1, 0.914760947227478
1070_4_1_1, 1, 0.899000346660614
2854_4_1_2, 1, 0.8933493494987488
896_4_1_2, 1, 0.8865839242935181
1029_4_1_1, 1, 0.8836206197738647
1008_4_1, 1, 0.8793614506721497
4990_4_1_2, 1, 0.8790262341499329
4562_4_1_2, 1, 0.8778811693191528
1928_4_1_2, 1, 0.8774709701538086
2382_4_1_2, 1, 0.8656467199325562
2080_4_1_2, 1, 0.8601107597351074
3862_4_1_2, 1, 0.8582574129104614
2950_4_1_2, 1, 0.8558262586593628
1521_4_1_2, 1, 0.8526766896247864
612_4_1_2, 1, 0.8486088514328003
3259_4_1_2, 1, 0.8431230783462524
4569_2_1_2, 1, 0.8315104246139526
1273_4_1_1, 1, 0.8312526941299438
1024_4_1_2, 1, 0.8224104046821594
4138_4_1_2, 1, 0.8209016919136047
113_4_1, 1, 0.8180543184280396
26_4_1, 1, 0.8130935430526733
4341_4_1_2, 1, 0.8024126887321472
1499_4_1_2, 1, 0.7893043756484985
1637_4_1_2, 1, 0.7814006805419922
3297_4_1_2, 1, 0.762270450592041
1943_4_1_2, 1, 0.7608237266540527
4095_4_1_2, 1, 0.7559216618537903
88_4_1_1, 1, 0.751544177532196
2380_4_1_2, 1, 0.746650218963623
4543_4_1_2, 1, 0.7357021570205688
1945_5_1_2, 1, 0.7325244545936584
4542_2_1_2, 1, 0.7293794751167297
1396_4_1_2, 1, 0.728386640548706
522_2_1, 1, 0.7227807641029358
2603_4_1_2, 1, 0.7152206897735596
998_8_1_2, 1, 0.7151368856430054
4491_6_1_2, 1, 0.7137714624404907
711_3_1, 1, 0.7109227180480957
1743_4_1_2, 1, 0.7025118470191956
1986_2_1_2, 1, 0.6995517015457153
4130_4_1_2, 1, 0.6991657614707947
2438_4_1_2, 1, 0.685578465461731
1824_4_1_1, 1, 0.6854015588760376
4340_14_1_2, 1, 0.6836115121841431
4495_2_1_2, 1, 0.6782543659210205
22_4_1_2, 1, 0.6762605905532837
3319_4_1_2, 1, 0.6642398238182068
3861_2_1_2, 1, 0.6631007790565491
70_4_1_2, 1, 0.656272828578949
4958_6_1_2, 1, 0.6483196020126343
5097_4_1_2, 1, 0.6393231749534607
5137_4_1_2, 1, 0.6371963024139404
5489_4_1_2, 1, 0.6293546557426453
1070_4_1_2, 1, 0.628031849861145
652_4_1_2, 1, 0.6149388551712036
719_6_1_2, 1, 0.6080588102340698
3272_4_1_2, 1, 0.6041094064712524
2662_4_1_2, 1, 0.5920151472091675
522_4_1_2, 1, 0.5894291400909424
996_2_1_1, 1, 0.5877212285995483
4567_2_1_2, 1, 0.584311842918396
79_6_1_1, 1, 0.5798159241676331
2435_4_1_2, 1, 0.5784600973129272
1800_4_1_2, 1, 0.5779622793197632
4957_4_1_2, 1, 0.5731869339942932
1946_5_1_2, 1, 0.5717318654060364
671_2_1_2, 1, 0.5685333609580994
1496_4_1_1, 1, 0.5683106184005737
2413_4_1_2, 1, 0.5601280927658081
2608_4_1_2, 1, 0.5565370321273804
83_4_1_2, 1, 0.5555658936500549
5486_2_1_2, 1, 0.5452132821083069
5343_4_1_2, 1, 0.5443481802940369
2433_6_1_2, 1, 0.5361165404319763
1028_2_1, 1, 0.5244120359420776
4094_5_1_2, 1, 0.5101736783981323
4150_4_1_2, 1, 0.5014732480049133
2437_4_1_2, 1, 0.49701160192489624
4560_4_1_2, 1, 0.48727479577064514
739_4_1_2, 1, 0.48504966497421265
3865_3_1_2, 1, 0.48197850584983826
2662_7_1_2, 1, 0.4732719361782074
2662_8_1_2, 1, 0.4732719361782074
4545_4_1_2, 1, 0.46347475051879883
1846_5_1_1, 1, 0.4583081305027008
3867_2_1_2, 1, 0.4503401815891266
1825_5_1_2, 1, 0.4413554072380066
650_2_1_1, 1, 0.4402851164340973
772_2_1_2, 1, 0.43875589966773987
677_4_1_2, 1, 0.4383013844490051
1292_2_1_2, 1, 0.43709906935691833
4563_2_1_2, 1, 0.4264678955078125
1254_2_1, 1, 0.4151434898376465
732_4_1_1, 1, 0.4116795063018799
1747_4_1_2, 1, 0.40095096826553345
1828_3_1_2, 1, 0.39277052879333496
2087_4_1_2, 1, 0.3885306119918823
3317_2_1_2, 1, 0.3881846070289612
774_2_1_2, 1, 0.37358614802360535
77_2_1_2, 1, 0.3569806218147278
5093_2_1_2, 1, 0.3444310128688812
1564_2_1_2, 1, 0.3442535698413849
5698_2_1_2, 1, 0.34311816096305847
2149_3_1_2, 1, 0.34014689922332764
77_2_1_1, 1, 0.3366139531135559
4153_2_1_2, 1, 0.3366033434867859
1749_6_1_2, 1, 0.33111774921417236
524_3_1_1, 1, 0.3222638666629791
1984_2_1_2, 1, 0.3166857361793518
1847_3_1_2, 1, 0.31610774993896484
2088_10_1_2, 1, 0.3109244108200073
5131_4_1_2, 1, 0.2917500138282776
2954_601_1_2, 1, 0.28949061036109924
1947_4_1_1, 1, 0.28152018785476685
1806_4_1_2, 1, 0.27158287167549133
4175_3_1_2, 1, 0.26905205845832825
521_2_1, 1, 0.26724621653556824
755_2_1_2, 1, 0.2637157738208771
3456_7_1_2, 1, 0.2618248760700226
26_2_1_2, 1, 0.26108214259147644
3456_2_1_2, 1, 0.2558281719684601
4508_3_1_2, 1, 0.2450975477695465
2956_2_1_2, 1, 0.2447722852230072
754_8_1_1, 1, 0.23195667564868927
22_3_1, 1, 0.2300022542476654
4970_2_1_2, 1, 0.22655734419822693
2859_5_1_2, 1, 0.225703626871109
1848_3_1_1, 1, 0.2249753177165985
639_2_1_2, 1, 0.22243276238441467
73_2_1_2, 1, 0.22232329845428467
2592_6_1_2, 1, 0.220657616853714
1617_2_1_2, 1, 0.2201533019542694
2387_2_1_2, 1, 0.21836519241333008
998_5_1_2, 1, 0.21254833042621613
1029_2_1, 1, 0.2058899700641632
5485_13_1_2, 1, 0.1942923218011856
2600_2_1_2, 1, 0.18436333537101746
1926_2_1_2, 1, 0.17057934403419495
3298_2_1_2, 1, 0.15960246324539185
2042_2_1_2, 1, 0.1579582691192627
4546_2_1_2, 1, 0.15672853589057922
4905_3_1_2, 1, 0.13859041035175323
998_2_1_2, 1, 0.12184052169322968
1495_2_1_2, 1, 0.10859201848506927
1395_2_1_2, 1, 0.10295158624649048
4367_2_1_2, 1, 0.08526735007762909
1259_6_1, 1, 0.05316375941038132
5480_2_1_2, 1, 0.035657405853271484
5039_2_1_2, 1, 0.03055887296795845
735_2_1, 1, 0.027897853404283524
